"Id","Transaction_Date","Loan_Account_Id","Credit_Amount","Credit_GL_Account_Code","Debit_Amount","Debit_GL_Account_Code"
"a9c7F0000004EIiQAM","2018-07-10","a807F0000004EMaQAM","0.0","222","0.0","670"
"a9c7F0000004EInQAM","2018-07-10","a807F0000004EMaQAM","0.0","224","0.0","670"
"a9c7F0000004EIsQAM","2018-07-10","a807F0000004EMaQAM","0.0","226","0.0","670"
"a9c7F0000004EIxQAM","2018-07-10","a807F0000004EMaQAM","5000.0","835","5000.0","650"
"a9c7F000000Cc0KQAS","2019-02-26","a807F0000004EMaQAM","0.46","210","0.46","660"
"a9c7F000000Cc0OQAS","2019-02-25","a807F0000004EMaQAM","5.26","650","5.26","640"
"a9c7F000000Cc0PQAS","2019-02-25","a807F0000004EMaQAM","2.24","665","2.24","640"
"a9c7F000000Cc0QQAS","2019-02-25","a807F0000004EMaQAM","0.0","670","0.0","640"
"a9c7F000000Cc1MQAS","2019-02-27","a807F0000004EMaQAM","0.47","210","0.47","660"
"a9c7F000000Cc1lQAC","2019-02-26","a807F0000004EMaQAM","5.32","640","5.32","650"
"a9c7F000000Cc2bQAC","2019-02-28","a807F0000004EMaQAM","0.46","210","0.46","660"
"a9c7F000000Cc3hQAC","2019-03-01","a807F0000004EMaQAM","0.47","210","0.47","660"
"a9c7F000000Cc40QAC","2019-03-01","a807F0000004EMaQAM","6.25","650","6.25","640"
"a9c7F000000Cc41QAC","2019-03-01","a807F0000004EMaQAM","0.0","665","0.0","640"
"a9c7F000000Cc42QAC","2019-03-01","a807F0000004EMaQAM","0.0","670","0.0","640"
"a9c7F000000Cc4YQAS","2019-03-02","a807F0000004EMaQAM","0.46","210","0.46","660"
"a9c7F000000Cc58QAC","2019-03-03","a807F0000004EMaQAM","0.47","210","0.47","660"
"a9c7F000000Cc5ZQAS","2019-03-04","a807F0000004EMaQAM","0.47","210","0.47","660"
"a9c7F000000Cc6AQAS","2019-03-05","a807F0000004EMaQAM","0.46","210","0.46","660"
"a9c7F000000Cc79QAC","2019-03-06","a807F0000004EMaQAM","0.47","210","0.47","660"
"a9c7F000000Cc7uQAC","2019-03-07","a807F0000004EMaQAM","0.46","210","0.46","660"
"a9c7F000000Cc8RQAS","2019-03-08","a807F0000004EMaQAM","0.47","210","0.47","660"
"a9c7F000000Cc8hQAC","2019-03-08","a807F0000004EMaQAM","6.25","650","6.25","640"
"a9c7F000000Cc8iQAC","2019-03-08","a807F0000004EMaQAM","0.0","665","0.0","640"
"a9c7F000000Cc8jQAC","2019-03-08","a807F0000004EMaQAM","0.0","670","0.0","640"
"a9c7F000000Cc9FQAS","2019-03-09","a807F0000004EMaQAM","0.46","210","0.46","660"
"a9c7F000000Cc9sQAC","2019-03-10","a807F0000004EMaQAM","0.47","210","0.47","660"
"a9c7F000000Cc9wQAC","2019-03-10","a807F0000004EMaQAM","13.24","660","13.24","665"
"a9c7F000000CcAOQA0","2019-03-11","a807F0000004EMaQAM","0.46","210","0.46","660"
"a9c7F000000CcB6QAK","2019-03-12","a807F0000004EMaQAM","0.47","210","0.47","660"
"a9c7F000000CcD7QAK","2019-03-13","a807F0000004EMaQAM","0.47","210","0.47","660"
"a9c7F000000CcDuQAK","2019-03-14","a807F0000004EMaQAM","0.46","210","0.46","660"
"a9c7F000000CcEgQAK","2019-03-15","a807F0000004EMaQAM","0.47","210","0.47","660"
"a9c7F000000CcEzQAK","2019-03-15","a807F0000004EMaQAM","0.0","650","0.0","640"
"a9c7F000000CcF0QAK","2019-03-15","a807F0000004EMaQAM","6.25","665","6.25","640"
"a9c7F000000CcF1QAK","2019-03-15","a807F0000004EMaQAM","0.0","670","0.0","640"
"a9c7F000000CcFTQA0","2019-03-16","a807F0000004EMaQAM","0.47","210","0.47","660"
"a9c7F000000CcFpQAK","2019-03-17","a807F0000004EMaQAM","0.46","210","0.46","660"
"a9c7F000000CcGXQA0","2019-03-18","a807F0000004EMaQAM","0.47","210","0.47","660"
"a9c7F000000CcncQAC","2019-03-19","a807F0000004EMaQAM","0.46","210","0.46","660"
"a9c7F000000CcopQAC","2019-03-20","a807F0000004EMaQAM","0.47","210","0.47","660"
"a9c7F000000CcqRQAS","2019-03-21","a807F0000004EMaQAM","0.46","210","0.46","660"
"a9c7F000000CcrwQAC","2019-03-22","a807F0000004EMaQAM","0.47","210","0.47","660"
"a9c7F000000CcsCQAS","2019-03-22","a807F0000004EMaQAM","0.0","650","0.0","640"
"a9c7F000000CcsDQAS","2019-03-22","a807F0000004EMaQAM","6.25","665","6.25","640"
"a9c7F000000CcsEQAS","2019-03-22","a807F0000004EMaQAM","0.0","670","0.0","640"
"a9c7F000000Cct9QAC","2019-03-23","a807F0000004EMaQAM","0.46","210","0.46","660"
"a9c7F000000CcuNQAS","2019-03-24","a807F0000004EMaQAM","0.47","210","0.47","660"
"a9c7F000000CcuyQAC","2019-03-25","a807F0000004EMaQAM","0.46","210","0.46","660"
"a9c7F000000CcvVQAS","2019-03-26","a807F0000004EMaQAM","0.47","210","0.47","660"
"a9c7F000000CcxHQAS","2019-03-27","a807F0000004EMaQAM","0.46","210","0.46","660"
"a9c7F000000CcyrQAC","2019-03-28","a807F0000004EMaQAM","0.47","210","0.47","660"
"a9c7F000000Cd09QAC","2019-03-29","a807F0000004EMaQAM","0.46","210","0.46","660"
"a9c7F000000Cd0xQAC","2019-03-29","a807F0000004EMaQAM","5.51","650","5.51","640"
"a9c7F000000Cd0yQAC","2019-03-29","a807F0000004EMaQAM","0.74","665","0.74","640"
"a9c7F000000Cd0zQAC","2019-03-29","a807F0000004EMaQAM","0.0","670","0.0","640"
"a9c7F000000Gp3hQAC","2019-09-25","a807F0000004EMaQAM","0.39","210","0.39","660"
"a9c7F000000GpcyQAC","2019-09-26","a807F0000004EMaQAM","0.39","210","0.39","660"
"a9c7F000000Gpp1QAC","2019-09-27","a807F0000004EMaQAM","0.39","210","0.39","660"
"a9c7F000000Gq6eQAC","2019-09-27","a807F0000004EMaQAM","5.64","650","5.64","640"
"a9c7F000000Gq6fQAC","2019-09-27","a807F0000004EMaQAM","0.3","665","0.3","640"
"a9c7F000000Gq6gQAC","2019-09-27","a807F0000004EMaQAM","0.0","670","0.0","640"
"a9c7F000000GqONQA0","2019-09-28","a807F0000004EMaQAM","0.4","210","0.4","660"
"a9c7F000000Gqm0QAC","2019-09-29","a807F0000004EMaQAM","0.39","210","0.39","660"
"a9c7F000000Gr2pQAC","2019-09-30","a807F0000004EMaQAM","0.39","210","0.39","660"
"a9c7F000000GrQYQA0","2019-10-01","a807F0000004EMaQAM","0.39","210","0.39","660"
"a9c7F000000GrekQAC","2019-10-02","a807F0000004EMaQAM","0.35","210","0.35","660"
"a9c7F000000GsJ7QAK","2019-10-03","a807F0000004EMaQAM","0.36","210","0.36","660"
"a9c7F000000GsmgQAC","2019-10-04","a807F0000004EMaQAM","0.36","210","0.36","660"
"a9c7F000000GsrbQAC","2019-10-04","a807F0000004EMaQAM","5.78","650","5.78","640"
"a9c7F000000GsrcQAC","2019-10-04","a807F0000004EMaQAM","0.0","665","0.0","640"
"a9c7F000000GsrdQAC","2019-10-04","a807F0000004EMaQAM","0.0","670","0.0","640"
"a9c7F000000Gt1UQAS","2019-10-03","a807F0000004EMaQAM","5.0","640","5.0","650"
"a9c7F000000Gt6dQAC","2019-10-05","a807F0000004EMaQAM","0.36","210","0.36","660"
"a9c7F000000GtPzQAK","2019-10-06","a807F0000004EMaQAM","0.36","210","0.36","660"
"a9c7F000000GttGQAS","2019-10-07","a807F0000004EMaQAM","0.36","210","0.36","660"
"a9c7F000000Gu5wQAC","2019-10-08","a807F0000004EMaQAM","0.35","210","0.35","660"
"a9c7F000000GuXsQAK","2019-10-09","a807F0000004EMaQAM","0.36","210","0.36","660"
"a9c7F000000Gv5gQAC","2019-10-10","a807F0000004EMaQAM","0.36","210","0.36","660"
"a9c7F000000GvHSQA0","2019-10-10","a807F0000004EMaQAM","11.45","660","11.45","665"
"a9c7F000000GvXJQA0","2019-10-11","a807F0000004EMaQAM","0.36","210","0.36","660"
"a9c7F000000GvmiQAC","2019-10-11","a807F0000004EMaQAM","0.0","650","0.0","640"
"a9c7F000000GvmjQAC","2019-10-11","a807F0000004EMaQAM","5.78","665","5.78","640"
"a9c7F000000GvmkQAC","2019-10-11","a807F0000004EMaQAM","0.0","670","0.0","640"
"a9c7F000000Gw8jQAC","2019-10-12","a807F0000004EMaQAM","0.36","210","0.36","660"
"a9c7F000000GwT4QAK","2019-10-13","a807F0000004EMaQAM","0.36","210","0.36","660"
"a9c7F000000GwtRQAS","2019-10-14","a807F0000004EMaQAM","0.36","210","0.36","660"
"a9c7F000000Gx67QAC","2019-10-15","a807F0000004EMaQAM","0.36","210","0.36","660"
"a9c7F000000Gxo0QAC","2019-10-16","a807F0000004EMaQAM","0.36","210","0.36","660"
"a9c7F000000GyLzQAK","2019-10-17","a807F0000004EMaQAM","0.35","210","0.35","660"
"a9c7F000000GyqaQAC","2019-10-18","a807F0000004EMaQAM","0.36","210","0.36","660"
"a9c7F000000Gz9VQAS","2019-10-18","a807F0000004EMaQAM","0.11","650","0.11","640"
"a9c7F000000Gz9WQAS","2019-10-18","a807F0000004EMaQAM","5.67","665","5.67","640"
"a9c7F000000Gz9XQAS","2019-10-18","a807F0000004EMaQAM","0.0","670","0.0","640"
"a9c7F000000GzSdQAK","2019-10-19","a807F0000004EMaQAM","0.36","210","0.36","660"
"a9c7F000000GzzfQAC","2019-10-20","a807F0000004EMaQAM","0.36","210","0.36","660"
"a9c7F000000H0FsQAK","2019-10-21","a807F0000004EMaQAM","0.36","210","0.36","660"
"a9c7F000000H0lfQAC","2019-10-22","a807F0000004EMaQAM","0.36","210","0.36","660"
"a9c7F000000H1D6QAK","2019-10-23","a807F0000004EMaQAM","0.36","210","0.36","660"
"a9c7F000000H1lrQAC","2019-10-24","a807F0000004EMaQAM","0.35","210","0.35","660"
"a9c7F000000H2JpQAK","2019-10-25","a807F0000004EMaQAM","0.36","210","0.36","660"
"a9c7F000000H2bhQAC","2019-10-25","a807F0000004EMaQAM","5.78","650","5.78","640"
"a9c7F000000H2biQAC","2019-10-25","a807F0000004EMaQAM","0.0","665","0.0","640"
"a9c7F000000H2bjQAC","2019-10-25","a807F0000004EMaQAM","0.0","670","0.0","640"
"a9c7F000000H2uWQAS","2019-10-26","a807F0000004EMaQAM","0.36","210","0.36","660"
"a9c7F000000H3EzQAK","2019-10-27","a807F0000004EMaQAM","0.36","210","0.36","660"
"a9c7F000000H3ssQAC","2019-10-28","a807F0000004EMaQAM","0.36","210","0.36","660"
"a9c7F000000H4GuQAK","2019-10-29","a807F0000004EMaQAM","0.35","210","0.35","660"
"a9c7F000000H4rwQAC","2019-10-30","a807F0000004EMaQAM","0.36","210","0.36","660"
"a9c7F000000H5RcQAK","2019-10-31","a807F0000004EMaQAM","0.36","210","0.36","660"
"a9c7F000000H5xjQAC","2019-11-01","a807F0000004EMaQAM","0.36","210","0.36","660"
"a9c7F000000H6BUQA0","2019-11-01","a807F0000004EMaQAM","5.78","650","5.78","640"
"a9c7F000000H6BVQA0","2019-11-01","a807F0000004EMaQAM","0.0","665","0.0","640"
"a9c7F000000H6BWQA0","2019-11-01","a807F0000004EMaQAM","0.0","670","0.0","640"
"a9c7F000000H6gtQAC","2019-11-02","a807F0000004EMaQAM","0.36","210","0.36","660"
"a9c7F000000H79uQAC","2019-11-03","a807F0000004EMaQAM","0.35","210","0.35","660"
"a9c7F000000H7QvQAK","2019-11-04","a807F0000004EMaQAM","0.36","210","0.36","660"
"a9c7F000000H7u7QAC","2019-11-05","a807F0000004EMaQAM","0.36","210","0.36","660"
"a9c7F000000H8XgQAK","2019-11-06","a807F0000004EMaQAM","0.36","210","0.36","660"
"a9c7F000000H9BhQAK","2019-11-07","a807F0000004EMaQAM","0.35","210","0.35","660"
"a9c7F000000H9knQAC","2019-11-08","a807F0000004EMaQAM","0.36","210","0.36","660"
"a9c7F000000HA6DQAW","2019-11-08","a807F0000004EMaQAM","5.78","650","5.78","640"
"a9c7F000000HA6EQAW","2019-11-08","a807F0000004EMaQAM","0.0","665","0.0","640"
"a9c7F000000HA6FQAW","2019-11-08","a807F0000004EMaQAM","0.0","670","0.0","640"
"a9c7F000000HAEZQA4","2019-11-09","a807F0000004EMaQAM","0.36","210","0.36","660"
"a9c7F000000HArTQAW","2019-11-10","a807F0000004EMaQAM","0.36","210","0.36","660"
"a9c7F000000HB2ZQAW","2019-11-10","a807F0000004EMaQAM","11.11","660","11.11","665"
"a9c7F000000HBAkQAO","2019-11-11","a807F0000004EMaQAM","0.35","210","0.35","660"
"a9c7F000000HBogQAG","2019-11-12","a807F0000004EMaQAM","0.36","210","0.36","660"
"a9c7F000000HCVYQA4","2019-11-13","a807F0000004EMaQAM","0.36","210","0.36","660"
"a9c7F000000HCyOQAW","2019-11-14","a807F0000004EMaQAM","0.36","210","0.36","660"
"a9c7F000000HDdcQAG","2019-11-15","a807F0000004EMaQAM","0.36","210","0.36","660"
"a9c7F000000HE2gQAG","2019-11-15","a807F0000004EMaQAM","0.0","650","0.0","640"
"a9c7F000000HE2hQAG","2019-11-15","a807F0000004EMaQAM","5.78","665","5.78","640"
"a9c7F000000HE2iQAG","2019-11-15","a807F0000004EMaQAM","0.0","670","0.0","640"
"a9c7F000000HESEQA4","2019-11-16","a807F0000004EMaQAM","0.35","210","0.35","660"
"a9c7F000000HF6WQAW","2019-11-17","a807F0000004EMaQAM","0.36","210","0.36","660"
"a9c7F000000HFTfQAO","2019-11-18","a807F0000004EMaQAM","0.36","210","0.36","660"
"a9c7F000000HFsMQAW","2019-11-19","a807F0000004EMaQAM","0.36","210","0.36","660"
"a9c7F000000HGt3QAG","2019-11-20","a807F0000004EMaQAM","0.35","210","0.35","660"
"a9c7F000000HHeJQAW","2019-11-21","a807F0000004EMaQAM","0.36","210","0.36","660"
"a9c7F000000HIBoQAO","2019-11-22","a807F0000004EMaQAM","0.36","210","0.36","660"
"a9c7F000000HIVGQA4","2019-11-22","a807F0000004EMaQAM","0.45","650","0.45","640"
"a9c7F000000HIVHQA4","2019-11-22","a807F0000004EMaQAM","5.33","665","5.33","640"
"a9c7F000000HIVIQA4","2019-11-22","a807F0000004EMaQAM","0.0","670","0.0","640"
"a9c7F000000HIkZQAW","2019-11-23","a807F0000004EMaQAM","0.36","210","0.36","660"
"a9c7F000000HJQRQA4","2019-11-24","a807F0000004EMaQAM","0.35","210","0.35","660"
"a9c7F000000HJvJQAW","2019-11-25","a807F0000004EMaQAM","0.36","210","0.36","660"
"a9c7F000000HKcDQAW","2019-11-26","a807F0000004EMaQAM","0.36","210","0.36","660"
"a9c7F000000HL0TQAW","2019-11-27","a807F0000004EMaQAM","0.35","210","0.35","660"
"a9c7F000000HLkwQAG","2019-11-28","a807F0000004EMaQAM","0.36","210","0.36","660"
"a9c7F000000HMmPQAW","2019-11-29","a807F0000004EMaQAM","0.36","210","0.36","660"
"a9c7F000000HMu4QAG","2019-11-29","a807F0000004EMaQAM","5.78","650","5.78","640"
"a9c7F000000HMu5QAG","2019-11-29","a807F0000004EMaQAM","0.0","665","0.0","640"
"a9c7F000000HMu6QAG","2019-11-29","a807F0000004EMaQAM","0.0","670","0.0","640"
"a9c7F000000HNCpQAO","2019-11-30","a807F0000004EMaQAM","0.35","210","0.35","660"
"a9c7F000000HNyKQAW","2019-12-01","a807F0000004EMaQAM","0.36","210","0.36","660"
"a9c7F000000HOJYQA4","2019-12-02","a807F0000004EMaQAM","0.36","210","0.36","660"
"a9c7F000000HPF9QAO","2019-12-03","a807F0000004EMaQAM","0.35","210","0.35","660"
"a9c7F000000HPlsQAG","2019-12-04","a807F0000004EMaQAM","0.36","210","0.36","660"
"a9c7F000000HQApQAO","2019-12-03","a807F0000004EMaQAM","0.01","650","0.01","640"
"a9c7F000000HQAqQAO","2019-12-03","a807F0000004EMaQAM","0.0","665","0.0","640"
"a9c7F000000HQArQAO","2019-12-03","a807F0000004EMaQAM","0.0","670","0.0","640"
"a9c7F000000HQrxQAG","2019-12-05","a807F0000004EMaQAM","0.36","210","0.36","660"
"a9c7F000000HRPUQA4","2019-12-06","a807F0000004EMaQAM","0.35","210","0.35","660"
"a9c7F000000HRvtQAG","2019-12-06","a807F0000004EMaQAM","5.78","650","5.78","640"
"a9c7F000000HRvuQAG","2019-12-06","a807F0000004EMaQAM","0.0","665","0.0","640"
"a9c7F000000HRvvQAG","2019-12-06","a807F0000004EMaQAM","0.0","670","0.0","640"
"a9c7F000000HSPGQA4","2019-12-07","a807F0000004EMaQAM","0.36","210","0.36","660"
"a9c7F000000HSfEQAW","2019-12-08","a807F0000004EMaQAM","0.36","210","0.36","660"
"a9c7F000000HTP0QAO","2019-12-09","a807F0000004EMaQAM","0.35","210","0.35","660"
"a9c7F000000HTmqQAG","2019-12-10","a807F0000004EMaQAM","0.36","210","0.36","660"
"a9c7F000000HUDsQAO","2019-12-10","a807F0000004EMaQAM","10.71","660","10.71","665"
"a9c7F000000HUj6QAG","2019-12-11","a807F0000004EMaQAM","0.36","210","0.36","660"
"a9c7F000000HUymQAG","2019-12-11","a807F0000004EMaQAM","0.36","660","0.36","665"
"a9c7F000000HVa3QAG","2019-12-12","a807F0000004EMaQAM","0.35","210","0.35","660"
"a9c7F000000HWLlQAO","2019-12-13","a807F0000004EMaQAM","0.36","210","0.36","660"
"a9c7F000000HWjAQAW","2019-12-13","a807F0000004EMaQAM","0.0","650","0.0","640"
"a9c7F000000HWjBQAW","2019-12-13","a807F0000004EMaQAM","5.78","665","5.78","640"
"a9c7F000000HWjCQAW","2019-12-13","a807F0000004EMaQAM","0.0","670","0.0","640"
"a9c7F000000HX8XQAW","2019-12-14","a807F0000004EMaQAM","0.36","210","0.36","660"
"a9c7F000000HXu6QAG","2019-12-15","a807F0000004EMaQAM","0.35","210","0.35","660"
"a9c7F000000HYanQAG","2019-12-16","a807F0000004EMaQAM","0.36","210","0.36","660"
"a9c7F000000HZOeQAO","2019-12-17","a807F0000004EMaQAM","0.36","210","0.36","660"
"a9c7F000000HaM7QAK","2019-12-18","a807F0000004EMaQAM","0.35","210","0.35","660"
"a9c7F000000HbG3QAK","2019-12-19","a807F0000004EMaQAM","0.36","210","0.36","660"
"a9c7F000000HbxqQAC","2019-12-20","a807F0000004EMaQAM","0.36","210","0.36","660"
"a9c7F000000HcMiQAK","2019-12-20","a807F0000004EMaQAM","0.49","650","0.49","640"
"a9c7F000000HcMjQAK","2019-12-20","a807F0000004EMaQAM","5.29","665","5.29","640"
"a9c7F000000HcMkQAK","2019-12-20","a807F0000004EMaQAM","0.0","670","0.0","640"
"a9c7F000000Hd1IQAS","2019-12-21","a807F0000004EMaQAM","0.35","210","0.35","660"
"a9c7F000000HdNZQA0","2019-12-22","a807F0000004EMaQAM","0.36","210","0.36","660"
"a9c7F000000He5rQAC","2019-12-23","a807F0000004EMaQAM","0.36","210","0.36","660"
"a9c7F000000Hf2mQAC","2019-12-24","a807F0000004EMaQAM","0.35","210","0.35","660"
"a9c7F000000HfSvQAK","2019-12-25","a807F0000004EMaQAM","0.36","210","0.36","660"
"a9c7F000000HgUMQA0","2019-12-26","a807F0000004EMaQAM","0.35","210","0.35","660"
"a9c7F000000HhE5QAK","2019-12-27","a807F0000004EMaQAM","0.36","210","0.36","660"
"a9c7F000000HhiAQAS","2019-12-27","a807F0000004EMaQAM","5.78","650","5.78","640"
"a9c7F000000HhiBQAS","2019-12-27","a807F0000004EMaQAM","0.0","665","0.0","640"
"a9c7F000000HhiCQAS","2019-12-27","a807F0000004EMaQAM","0.0","670","0.0","640"
"a9c7F000000HiIGQA0","2019-12-28","a807F0000004EMaQAM","0.36","210","0.36","660"
"a9c7F000000Hiv2QAC","2019-12-29","a807F0000004EMaQAM","0.35","210","0.35","660"
"a9c7F000000HjJSQA0","2019-12-30","a807F0000004EMaQAM","0.36","210","0.36","660"
"a9c7F000000HkGoQAK","2019-12-31","a807F0000004EMaQAM","0.35","210","0.35","660"
"a9c7F000000HlWdQAK","2020-01-01","a807F0000004EMaQAM","0.36","210","0.36","660"
"a9c7F000000HmOOQA0","2020-01-02","a807F0000004EMaQAM","0.35","210","0.35","660"
"a9c7F000000Hmx5QAC","2020-01-03","a807F0000004EMaQAM","0.36","210","0.36","660"
"a9c7F000000HncPQAS","2020-01-03","a807F0000004EMaQAM","5.78","650","5.78","640"
"a9c7F000000HncQQAS","2020-01-03","a807F0000004EMaQAM","0.0","665","0.0","640"
"a9c7F000000HncRQAS","2020-01-03","a807F0000004EMaQAM","0.0","670","0.0","640"
"a9c7F000000HnlFQAS","2020-01-04","a807F0000004EMaQAM","0.35","210","0.35","660"
"a9c7F000000HotFQAS","2020-01-05","a807F0000004EMaQAM","0.36","210","0.36","660"
"a9c7F000000HpCbQAK","2020-01-06","a807F0000004EMaQAM","0.35","210","0.35","660"
"a9c7F000000HqH5QAK","2020-01-07","a807F0000004EMaQAM","0.36","210","0.36","660"
"a9c7F000000HrAuQAK","2020-01-08","a807F0000004EMaQAM","0.35","210","0.35","660"
"a9c7F000000HsCMQA0","2020-01-09","a807F0000004EMaQAM","0.35","210","0.35","660"
"a9c7F000000HsoSQAS","2020-01-10","a807F0000004EMaQAM","0.36","210","0.36","660"
"a9c7F000000HtaRQAS","2020-01-10","a807F0000004EMaQAM","5.78","650","5.78","640"
"a9c7F000000HtaSQAS","2020-01-10","a807F0000004EMaQAM","0.0","665","0.0","640"
"a9c7F000000HtaTQAS","2020-01-10","a807F0000004EMaQAM","0.0","670","0.0","640"
"a9c7F000000Hu1IQAS","2020-01-11","a807F0000004EMaQAM","0.35","210","0.35","660"
"a9c7F000000Huq0QAC","2020-01-12","a807F0000004EMaQAM","0.36","210","0.36","660"
"a9c7F000000HvcQQAS","2020-01-13","a807F0000004EMaQAM","0.35","210","0.35","660"
"a9c7F000000HvfsQAC","2020-01-13","a807F0000004EMaQAM","11.73","660","11.73","665"
"a9c7F000000Hw6tQAC","2020-01-14","a807F0000004EMaQAM","0.36","210","0.36","660"
"a9c7F000000HxSXQA0","2020-01-15","a807F0000004EMaQAM","0.35","210","0.35","660"
"a9c7F000000HxzeQAC","2020-01-16","a807F0000004EMaQAM","0.36","210","0.36","660"
"a9c7F000000HzCcQAK","2020-01-17","a807F0000004EMaQAM","0.35","210","0.35","660"
"a9c7F000000I02RQAS","2020-01-17","a807F0000004EMaQAM","0.0","650","0.0","640"
"a9c7F000000I02SQAS","2020-01-17","a807F0000004EMaQAM","5.78","665","5.78","640"
"a9c7F000000I02TQAS","2020-01-17","a807F0000004EMaQAM","0.0","670","0.0","640"
"a9c7F000000I0GtQAK","2020-01-18","a807F0000004EMaQAM","0.35","210","0.35","660"
"a9c7F000000I0xBQAS","2020-01-19","a807F0000004EMaQAM","0.36","210","0.36","660"
"a9c7F000000I1iqQAC","2020-01-20","a807F0000004EMaQAM","0.35","210","0.35","660"
"a9c7F000000I2gEQAS","2020-01-21","a807F0000004EMaQAM","0.36","210","0.36","660"
"a9c7F000000I3fpQAC","2020-01-22","a807F0000004EMaQAM","0.35","210","0.35","660"
"a9c7F000000I56UQAS","2020-01-23","a807F0000004EMaQAM","0.36","210","0.36","660"
"a9c7F000000I5z9QAC","2020-01-24","a807F0000004EMaQAM","0.35","210","0.35","660"
"a9c7F000000I6fjQAC","2020-01-24","a807F0000004EMaQAM","0.0","650","0.0","640"
"a9c7F000000I6fkQAC","2020-01-24","a807F0000004EMaQAM","5.78","665","5.78","640"
"a9c7F000000I6flQAC","2020-01-24","a807F0000004EMaQAM","0.0","670","0.0","640"
"a9c7F000000I7IOQA0","2020-01-25","a807F0000004EMaQAM","0.35","210","0.35","660"
"a9c7F000000I8AnQAK","2020-01-26","a807F0000004EMaQAM","0.36","210","0.36","660"
"a9c7F000000I8aNQAS","2020-01-27","a807F0000004EMaQAM","0.35","210","0.35","660"
"a9c7F000000I9X4QAK","2020-01-28","a807F0000004EMaQAM","0.36","210","0.36","660"
"a9c7F000000IAA1QAO","2020-01-29","a807F0000004EMaQAM","0.35","210","0.35","660"
"a9c7F000000IBSdQAO","2020-01-30","a807F0000004EMaQAM","0.35","210","0.35","660"
"a9c7F000000ICkcQAG","2020-01-31","a807F0000004EMaQAM","0.36","210","0.36","660"
"a9c7F000000IDLZQA4","2020-01-31","a807F0000004EMaQAM","5.61","650","5.61","640"
"a9c7F000000IDLaQAO","2020-01-31","a807F0000004EMaQAM","0.17","665","0.17","640"
"a9c7F000000IDLbQAO","2020-01-31","a807F0000004EMaQAM","0.0","670","0.0","640"
"a9c7F000000IDeBQAW","2020-02-01","a807F0000004EMaQAM","0.35","210","0.35","660"
"a9c7F000000IEkHQAW","2020-02-02","a807F0000004EMaQAM","0.36","210","0.36","660"
"a9c7F000000IFS0QAO","2020-02-03","a807F0000004EMaQAM","0.35","210","0.35","660"
"a9c7F000000IG3ZQAW","2020-02-04","a807F0000004EMaQAM","0.35","210","0.35","660"
"a9c7F000000IHNDQA4","2020-02-05","a807F0000004EMaQAM","0.36","210","0.36","660"
"a9c7F000000IIvDQAW","2020-02-06","a807F0000004EMaQAM","0.35","210","0.35","660"
"a9c7F000000IJx2QAG","2020-02-07","a807F0000004EMaQAM","0.35","210","0.35","660"
"a9c7F000000IKCAQA4","2020-02-07","a807F0000004EMaQAM","5.78","650","5.78","640"
"a9c7F000000IKCBQA4","2020-02-07","a807F0000004EMaQAM","0.0","665","0.0","640"
"a9c7F000000IKCCQA4","2020-02-07","a807F0000004EMaQAM","0.0","670","0.0","640"
"a9c7F000000IKsjQAG","2020-02-08","a807F0000004EMaQAM","0.36","210","0.36","660"
"a9c7F000000ILsYQAW","2020-02-09","a807F0000004EMaQAM","0.35","210","0.35","660"
"a9c7F000000IMnIQAW","2020-02-10","a807F0000004EMaQAM","0.35","210","0.35","660"
"a9c7F000000INK6QAO","2020-02-11","a807F0000004EMaQAM","0.36","210","0.36","660"
"a9c7F000000INutQAG","2020-02-11","a807F0000004EMaQAM","10.27","660","10.27","665"
"a9c7F000000IOhHQAW","2020-02-12","a807F0000004EMaQAM","0.35","210","0.35","660"
"a9c7F000000IPXwQAO","2020-02-13","a807F0000004EMaQAM","0.35","210","0.35","660"
"a9c7F000000IR1gQAG","2020-02-14","a807F0000004EMaQAM","0.36","210","0.36","660"
"a9c7F000000IRfJQAW","2020-02-14","a807F0000004EMaQAM","0.0","650","0.0","640"
"a9c7F000000IRfKQAW","2020-02-14","a807F0000004EMaQAM","5.78","665","5.78","640"
"a9c7F000000IRfLQAW","2020-02-14","a807F0000004EMaQAM","0.0","670","0.0","640"
"a9c7F000000ISVrQAO","2020-02-15","a807F0000004EMaQAM","0.35","210","0.35","660"
"a9c7F000000IT56QAG","2020-02-16","a807F0000004EMaQAM","0.35","210","0.35","660"
"a9c7F000000IU7TQAW","2020-02-17","a807F0000004EMaQAM","0.36","210","0.36","660"
"a9c7F000000IUtgQAG","2020-02-18","a807F0000004EMaQAM","0.35","210","0.35","660"
"a9c7F000000IWOxQAO","2020-02-19","a807F0000004EMaQAM","0.35","210","0.35","660"
"a9c7F000000IXBSQA4","2020-02-20","a807F0000004EMaQAM","0.36","210","0.36","660"
"a9c7F000000IZ2iQAG","2020-02-21","a807F0000004EMaQAM","0.35","210","0.35","660"
"a9c7F000000IZNHQA4","2020-02-21","a807F0000004EMaQAM","1.29","650","1.29","640"
"a9c7F000000IZNIQA4","2020-02-21","a807F0000004EMaQAM","4.49","665","4.49","640"
"a9c7F000000IZNJQA4","2020-02-21","a807F0000004EMaQAM","0.0","670","0.0","640"
"a9c7F000000IaNNQA0","2020-02-22","a807F0000004EMaQAM","0.35","210","0.35","660"
"a9c7F000000IbBAQA0","2020-02-23","a807F0000004EMaQAM","0.36","210","0.36","660"
"a9c7F000000IbyqQAC","2020-02-24","a807F0000004EMaQAM","0.35","210","0.35","660"
"a9c7F000000IcvyQAC","2020-02-25","a807F0000004EMaQAM","0.35","210","0.35","660"
"a9c7F000000IdjtQAC","2020-02-26","a807F0000004EMaQAM","0.36","210","0.36","660"
"a9c7F000000If36QAC","2020-02-27","a807F0000004EMaQAM","0.35","210","0.35","660"
"a9c7F000000IgdOQAS","2020-02-28","a807F0000004EMaQAM","0.35","210","0.35","660"
"a9c7F000000IhGrQAK","2020-02-28","a807F0000004EMaQAM","5.78","650","5.78","640"
"a9c7F000000IhGsQAK","2020-02-28","a807F0000004EMaQAM","0.0","665","0.0","640"
"a9c7F000000IhGtQAK","2020-02-28","a807F0000004EMaQAM","0.0","670","0.0","640"
"a9c7F000000IhRFQA0","2020-02-29","a807F0000004EMaQAM","0.35","210","0.35","660"
"a9c7F000000IiQJQA0","2020-03-01","a807F0000004EMaQAM","0.36","210","0.36","660"
"a9c7F000000Ij9KQAS","2020-03-02","a807F0000004EMaQAM","0.35","210","0.35","660"
"a9c7F000000IkF4QAK","2020-03-03","a807F0000004EMaQAM","0.35","210","0.35","660"
"a9c7F000000IlbGQAS","2020-03-04","a807F0000004EMaQAM","0.32","210","0.32","660"
"a9c7F000000InT5QAK","2020-03-05","a807F0000004EMaQAM","0.32","210","0.32","660"
"a9c7F000000IoloQAC","2020-03-06","a807F0000004EMaQAM","0.32","210","0.32","660"
"a9c7F000000Ip6TQAS","2020-03-06","a807F0000004EMaQAM","5.63","650","5.63","640"
"a9c7F000000Ip6UQAS","2020-03-06","a807F0000004EMaQAM","0.0","665","0.0","640"
"a9c7F000000Ip6VQAS","2020-03-06","a807F0000004EMaQAM","0.0","670","0.0","640"
"a9c7F000000Iq1eQAC","2020-03-07","a807F0000004EMaQAM","0.32","210","0.32","660"
"a9c7F000000Iqy8QAC","2020-03-08","a807F0000004EMaQAM","0.32","210","0.32","660"
"a9c7F000000IrVHQA0","2020-03-09","a807F0000004EMaQAM","0.32","210","0.32","660"
"a9c7F000000IsISQA0","2020-03-10","a807F0000004EMaQAM","0.32","210","0.32","660"
"a9c7F000000ItzEQAS","2020-03-11","a807F0000004EMaQAM","0.32","210","0.32","660"
"a9c7F000000IuN6QAK","2020-03-11","a807F0000004EMaQAM","9.97","660","9.97","665"
"a9c7F000000IvRlQAK","2020-03-12","a807F0000004EMaQAM","0.32","210","0.32","660"
"a9c7F000000IwrWQAS","2020-03-13","a807F0000004EMaQAM","0.32","210","0.32","660"
"a9c7F000000IxNnQAK","2020-03-13","a807F0000004EMaQAM","0.0","650","0.0","640"
"a9c7F000000IxNoQAK","2020-03-13","a807F0000004EMaQAM","5.63","665","5.63","640"
"a9c7F000000IxNpQAK","2020-03-13","a807F0000004EMaQAM","0.0","670","0.0","640"
"a9c7F000000IxZ1QAK","2020-03-14","a807F0000004EMaQAM","0.32","210","0.32","660"
"a9c7F000000IzCrQAK","2020-03-15","a807F0000004EMaQAM","0.32","210","0.32","660"
"a9c7F000000J028QAC","2020-03-16","a807F0000004EMaQAM","0.32","210","0.32","660"
"a9c7F000000J0rJQAS","2020-03-17","a807F0000004EMaQAM","0.32","210","0.32","660"
"a9c7F000000J2nwQAC","2020-03-17","a807F0000004EMaQAM","1.92","660","1.92","665"
"a9c7F000000J33zQAC","2020-03-17","a807F0000004EMaQAM","4703.68","650","4703.68","640"
"a9c7F000000J340QAC","2020-03-17","a807F0000004EMaQAM","6.26","665","6.26","640"
"a9c7F000000J341QAC","2020-03-17","a807F0000004EMaQAM","0.0","670","0.0","640"
"a9c7F000000J4IoQAK","2020-03-17","a807F0000004EMaQAM","1.92","660","1.92","665"
"a9c7F000000J4KzQAK","2020-03-17","a807F0000004EMaQAM","4703.68","650","4703.68","640"
"a9c7F000000J4L0QAK","2020-03-17","a807F0000004EMaQAM","6.26","665","6.26","640"
"a9c7F000000J4L1QAK","2020-03-17","a807F0000004EMaQAM","0.0","670","0.0","640"
"a9c7F000000J4qxQAC","2020-03-17","a807F0000004EMaQAM","4703.68","640","4703.68","650"
"a9c7F000000J4qyQAC","2020-03-17","a807F0000004EMaQAM","6.26","640","6.26","665"
"a9c7F000000L0FSQA0","2019-05-30","a807F0000004EMaQAM","0.47","210","0.47","660"
"a9c7F000000L0M6QAK","2019-05-31","a807F0000004EMaQAM","0.46","210","0.46","660"
"a9c7F000000L0O9QAK","2019-05-31","a807F0000004EMaQAM","6.25","650","6.25","640"
"a9c7F000000L0OAQA0","2019-05-31","a807F0000004EMaQAM","0.0","665","0.0","640"
"a9c7F000000L0OBQA0","2019-05-31","a807F0000004EMaQAM","0.0","670","0.0","640"
"a9c7F000000L0TRQA0","2019-06-01","a807F0000004EMaQAM","0.46","210","0.46","660"
"a9c7F000000L0XKQA0","2019-06-02","a807F0000004EMaQAM","0.46","210","0.46","660"
"a9c7F000000L0cdQAC","2019-06-03","a807F0000004EMaQAM","0.46","210","0.46","660"
"a9c7F000000L0hPQAS","2019-06-04","a807F0000004EMaQAM","0.47","210","0.47","660"
"a9c7F000000L0jmQAC","2019-05-31","a807F0000004EMaQAM","6.25","650","6.25","640"
"a9c7F000000L0jnQAC","2019-05-31","a807F0000004EMaQAM","0.0","665","0.0","640"
"a9c7F000000L0joQAC","2019-05-31","a807F0000004EMaQAM","0.0","670","0.0","640"
"a9c7F000000L0l0QAC","2019-06-03","a807F0000004EMaQAM","6.25","640","6.25","650"
"a9c7F000000L0l1QAC","2019-06-03","a807F0000004EMaQAM","0.0","640","0.0","665"
"a9c7F000000L0oIQAS","2019-06-05","a807F0000004EMaQAM","0.43","210","0.43","660"
"a9c7F000000L0soQAC","2019-06-06","a807F0000004EMaQAM","0.42","210","0.42","660"
"a9c7F000000L0wlQAC","2019-06-06","a807F0000004EMaQAM","6.25","650","6.25","640"
"a9c7F000000L0wmQAC","2019-06-06","a807F0000004EMaQAM","0.0","665","0.0","640"
"a9c7F000000L0wnQAC","2019-06-06","a807F0000004EMaQAM","0.0","670","0.0","640"
"a9c7F000000L11WQAS","2019-06-07","a807F0000004EMaQAM","0.43","210","0.43","660"
"a9c7F000000L143QAC","2019-06-07","a807F0000004EMaQAM","6.09","650","6.09","640"
"a9c7F000000L144QAC","2019-06-07","a807F0000004EMaQAM","0.0","665","0.0","640"
"a9c7F000000L145QAC","2019-06-07","a807F0000004EMaQAM","0.0","670","0.0","640"
"a9c7F000000L16eQAC","2019-06-08","a807F0000004EMaQAM","0.43","210","0.43","660"
"a9c7F000000L1AdQAK","2019-06-09","a807F0000004EMaQAM","0.43","210","0.43","660"
"a9c7F000000L1GBQA0","2019-06-10","a807F0000004EMaQAM","0.42","210","0.42","660"
"a9c7F000000L1I9QAK","2019-06-10","a807F0000004EMaQAM","14.14","660","14.14","665"
"a9c7F000000L1O3QAK","2019-06-11","a807F0000004EMaQAM","0.43","210","0.43","660"
"a9c7F000000L1TAQA0","2019-06-12","a807F0000004EMaQAM","0.43","210","0.43","660"
"a9c7F000000L1ahQAC","2019-06-13","a807F0000004EMaQAM","0.43","210","0.43","660"
"a9c7F000000L1etQAC","2019-06-12","a807F0000004EMaQAM","4.0","640","4.0","650"
"a9c7F000000L1jIQAS","2019-06-14","a807F0000004EMaQAM","0.43","210","0.43","660"
"a9c7F000000L1jsQAC","2019-06-14","a807F0000004EMaQAM","0.0","650","0.0","640"
"a9c7F000000L1jtQAC","2019-06-14","a807F0000004EMaQAM","6.09","665","6.09","640"
"a9c7F000000L1juQAC","2019-06-14","a807F0000004EMaQAM","0.0","670","0.0","640"
"a9c7F000000L1paQAC","2019-06-15","a807F0000004EMaQAM","0.43","210","0.43","660"
"a9c7F000000L1vtQAC","2019-06-16","a807F0000004EMaQAM","0.43","210","0.43","660"
"a9c7F000000L1zXQAS","2019-06-17","a807F0000004EMaQAM","0.43","210","0.43","660"
"a9c7F000000L27SQAS","2019-06-18","a807F0000004EMaQAM","0.42","210","0.42","660"
"a9c7F000000L2F2QAK","2019-06-19","a807F0000004EMaQAM","0.43","210","0.43","660"
"a9c7F000000L2ObQAK","2019-06-20","a807F0000004EMaQAM","0.43","210","0.43","660"
"a9c7F000000L2TvQAK","2019-06-21","a807F0000004EMaQAM","0.43","210","0.43","660"
"a9c7F000000L2Y8QAK","2019-06-21","a807F0000004EMaQAM","0.0","650","0.0","640"
"a9c7F000000L2Y9QAK","2019-06-21","a807F0000004EMaQAM","6.09","665","6.09","640"
"a9c7F000000L2YAQA0","2019-06-21","a807F0000004EMaQAM","0.0","670","0.0","640"
"a9c7F000000L2cIQAS","2019-06-22","a807F0000004EMaQAM","0.43","210","0.43","660"
"a9c7F000000L2g6QAC","2019-06-23","a807F0000004EMaQAM","0.43","210","0.43","660"
"a9c7F000000L2mdQAC","2019-06-24","a807F0000004EMaQAM","0.42","210","0.42","660"
"a9c7F000000L2qTQAS","2019-06-25","a807F0000004EMaQAM","0.43","210","0.43","660"
"a9c7F000000L2zbQAC","2019-06-26","a807F0000004EMaQAM","0.43","210","0.43","660"
"a9c7F000000L36tQAC","2019-06-27","a807F0000004EMaQAM","0.43","210","0.43","660"
"a9c7F000000L3FyQAK","2019-06-28","a807F0000004EMaQAM","0.43","210","0.43","660"
"a9c7F000000L3JcQAK","2019-06-28","a807F0000004EMaQAM","4.13","650","4.13","640"
"a9c7F000000L3JdQAK","2019-06-28","a807F0000004EMaQAM","1.96","665","1.96","640"
"a9c7F000000L3JeQAK","2019-06-28","a807F0000004EMaQAM","0.0","670","0.0","640"
"a9c7F000000L3QBQA0","2019-06-29","a807F0000004EMaQAM","0.42","210","0.42","660"
"a9c7F000000L3Z9QAK","2019-06-30","a807F0000004EMaQAM","0.43","210","0.43","660"
"a9c7F000000L3ahQAC","2019-07-01","a807F0000004EMaQAM","0.43","210","0.43","660"
"a9c7F000000L3hRQAS","2019-07-02","a807F0000004EMaQAM","0.43","210","0.43","660"
"a9c7F000000L3tYQAS","2019-07-03","a807F0000004EMaQAM","0.39","210","0.39","660"
"a9c7F000000L3zWQAS","2019-07-04","a807F0000004EMaQAM","0.4","210","0.4","660"
"a9c7F000000L471QAC","2019-07-05","a807F0000004EMaQAM","0.39","210","0.39","660"
"a9c7F000000L4EEQA0","2019-07-05","a807F0000004EMaQAM","5.94","650","5.94","640"
"a9c7F000000L4EFQA0","2019-07-05","a807F0000004EMaQAM","0.0","665","0.0","640"
"a9c7F000000L4EGQA0","2019-07-05","a807F0000004EMaQAM","0.0","670","0.0","640"
"a9c7F000000L4IZQA0","2019-07-06","a807F0000004EMaQAM","0.4","210","0.4","660"
"a9c7F000000L4OfQAK","2019-07-07","a807F0000004EMaQAM","0.39","210","0.39","660"
"a9c7F000000L4VDQA0","2019-07-08","a807F0000004EMaQAM","0.4","210","0.4","660"
"a9c7F000000L4YTQA0","2019-07-09","a807F0000004EMaQAM","0.39","210","0.39","660"
"a9c7F000000L4k1QAC","2019-07-10","a807F0000004EMaQAM","0.39","210","0.39","660"
"a9c7F000000L4lwQAC","2019-07-10","a807F0000004EMaQAM","12.58","660","12.58","665"
"a9c7F000000L4tYQAS","2019-07-11","a807F0000004EMaQAM","0.4","210","0.4","660"
"a9c7F000000L4zEQAS","2019-07-12","a807F0000004EMaQAM","0.39","210","0.39","660"
"a9c7F000000L57qQAC","2019-07-12","a807F0000004EMaQAM","0.0","650","0.0","640"
"a9c7F000000L57rQAC","2019-07-12","a807F0000004EMaQAM","5.94","665","5.94","640"
"a9c7F000000L57sQAC","2019-07-12","a807F0000004EMaQAM","0.0","670","0.0","640"
"a9c7F000000L5CyQAK","2019-07-13","a807F0000004EMaQAM","0.4","210","0.4","660"
"a9c7F000000L5IjQAK","2019-07-14","a807F0000004EMaQAM","0.39","210","0.39","660"
"a9c7F000000L5MDQA0","2019-07-15","a807F0000004EMaQAM","0.4","210","0.4","660"
"a9c7F000000L5VHQA0","2019-07-16","a807F0000004EMaQAM","0.39","210","0.39","660"
"a9c7F000000L5j9QAC","2019-07-17","a807F0000004EMaQAM","0.4","210","0.4","660"
"a9c7F000000L5qaQAC","2019-07-18","a807F0000004EMaQAM","0.39","210","0.39","660"
"a9c7F000000L64cQAC","2019-07-19","a807F0000004EMaQAM","0.4","210","0.4","660"
"a9c7F000000L68PQAS","2019-07-19","a807F0000004EMaQAM","0.0","650","0.0","640"
"a9c7F000000L68QQAS","2019-07-19","a807F0000004EMaQAM","5.94","665","5.94","640"
"a9c7F000000L68RQAS","2019-07-19","a807F0000004EMaQAM","0.0","670","0.0","640"
"a9c7F000000L6DVQA0","2019-07-20","a807F0000004EMaQAM","0.39","210","0.39","660"
"a9c7F000000L6HLQA0","2019-07-21","a807F0000004EMaQAM","0.39","210","0.39","660"
"a9c7F000000L6NiQAK","2019-07-22","a807F0000004EMaQAM","0.4","210","0.4","660"
"a9c7F000000L6cKQAS","2019-07-23","a807F0000004EMaQAM","0.39","210","0.39","660"
"a9c7F000000L6laQAC","2019-07-24","a807F0000004EMaQAM","0.4","210","0.4","660"
"a9c7F000000L6rzQAC","2019-07-25","a807F0000004EMaQAM","0.39","210","0.39","660"
"a9c7F000000L74qQAC","2019-07-26","a807F0000004EMaQAM","0.39","210","0.39","660"
"a9c7F000000L7B5QAK","2019-07-26","a807F0000004EMaQAM","5.24","650","5.24","640"
"a9c7F000000L7B6QAK","2019-07-26","a807F0000004EMaQAM","0.7","665","0.7","640"
"a9c7F000000L7B7QAK","2019-07-26","a807F0000004EMaQAM","0.0","670","0.0","640"
"a9c7F000000L7HpQAK","2019-07-27","a807F0000004EMaQAM","0.4","210","0.4","660"
"a9c7F000000L7ThQAK","2019-07-28","a807F0000004EMaQAM","0.39","210","0.39","660"
"a9c7F000000L7YBQA0","2019-07-29","a807F0000004EMaQAM","0.4","210","0.4","660"
"a9c7F000000L7edQAC","2019-07-30","a807F0000004EMaQAM","0.39","210","0.39","660"
"a9c7F000000L7sAQAS","2019-07-31","a807F0000004EMaQAM","0.39","210","0.39","660"
"a9c7F000000L83UQAS","2019-08-01","a807F0000004EMaQAM","0.4","210","0.4","660"
"a9c7F000000L8CfQAK","2019-08-02","a807F0000004EMaQAM","0.39","210","0.39","660"
"a9c7F000000L8NiQAK","2019-08-02","a807F0000004EMaQAM","5.94","650","5.94","640"
"a9c7F000000L8NjQAK","2019-08-02","a807F0000004EMaQAM","0.0","665","0.0","640"
"a9c7F000000L8NkQAK","2019-08-02","a807F0000004EMaQAM","0.0","670","0.0","640"
"a9c7F000000L8UGQA0","2019-08-03","a807F0000004EMaQAM","0.39","210","0.39","660"
"a9c7F000000L8dcQAC","2019-08-04","a807F0000004EMaQAM","0.4","210","0.4","660"
"a9c7F000000L8m1QAC","2019-08-05","a807F0000004EMaQAM","0.39","210","0.39","660"
"a9c7F000000L8uwQAC","2019-08-06","a807F0000004EMaQAM","0.39","210","0.39","660"
"a9c7F000000L9AzQAK","2019-08-07","a807F0000004EMaQAM","0.4","210","0.4","660"
"a9c7F000000L9MqQAK","2019-08-08","a807F0000004EMaQAM","0.39","210","0.39","660"
"a9c7F000000L9X1QAK","2019-08-09","a807F0000004EMaQAM","0.39","210","0.39","660"
"a9c7F000000L9gsQAC","2019-08-09","a807F0000004EMaQAM","5.94","650","5.94","640"
"a9c7F000000L9gtQAC","2019-08-09","a807F0000004EMaQAM","0.0","665","0.0","640"
"a9c7F000000L9guQAC","2019-08-09","a807F0000004EMaQAM","0.0","670","0.0","640"
"a9c7F000000L9nnQAC","2019-08-10","a807F0000004EMaQAM","0.39","210","0.39","660"
"a9c7F000000L9rWQAS","2019-08-10","a807F0000004EMaQAM","12.21","660","12.21","665"
"a9c7F000000LA1cQAG","2019-08-11","a807F0000004EMaQAM","0.4","210","0.4","660"
"a9c7F000000LA7PQAW","2019-08-12","a807F0000004EMaQAM","0.39","210","0.39","660"
"a9c7F000000LAG8QAO","2019-08-13","a807F0000004EMaQAM","0.4","210","0.4","660"
"a9c7F000000LAReQAO","2019-08-14","a807F0000004EMaQAM","0.39","210","0.39","660"
"a9c7F000000LAh8QAG","2019-08-15","a807F0000004EMaQAM","0.39","210","0.39","660"
"a9c7F000000LB0fQAG","2019-08-16","a807F0000004EMaQAM","0.4","210","0.4","660"
"a9c7F000000LB7vQAG","2019-08-16","a807F0000004EMaQAM","0.0","650","0.0","640"
"a9c7F000000LB7wQAG","2019-08-16","a807F0000004EMaQAM","5.94","665","5.94","640"
"a9c7F000000LB7xQAG","2019-08-16","a807F0000004EMaQAM","0.0","670","0.0","640"
"a9c7F000000LBAaQAO","2019-08-17","a807F0000004EMaQAM","0.39","210","0.39","660"
"a9c7F000000LBUtQAO","2019-08-18","a807F0000004EMaQAM","0.39","210","0.39","660"
"a9c7F000000LBVzQAO","2019-08-19","a807F0000004EMaQAM","0.4","210","0.4","660"
"a9c7F000000LBlXQAW","2019-08-20","a807F0000004EMaQAM","0.39","210","0.39","660"
"a9c7F000000LC27QAG","2019-08-21","a807F0000004EMaQAM","0.39","210","0.39","660"
"a9c7F000000LCJdQAO","2019-08-22","a807F0000004EMaQAM","0.4","210","0.4","660"
"a9c7F000000LCZhQAO","2019-08-23","a807F0000004EMaQAM","0.39","210","0.39","660"
"a9c7F000000LCiUQAW","2019-08-23","a807F0000004EMaQAM","0.0","650","0.0","640"
"a9c7F000000LCiVQAW","2019-08-23","a807F0000004EMaQAM","5.94","665","5.94","640"
"a9c7F000000LCiWQAW","2019-08-23","a807F0000004EMaQAM","0.0","670","0.0","640"
"a9c7F000000LCndQAG","2019-08-24","a807F0000004EMaQAM","0.39","210","0.39","660"
"a9c7F000000LD83QAG","2019-08-25","a807F0000004EMaQAM","0.39","210","0.39","660"
"a9c7F000000LDEnQAO","2019-08-26","a807F0000004EMaQAM","0.4","210","0.4","660"
"a9c7F000000LDTTQA4","2019-08-27","a807F0000004EMaQAM","0.39","210","0.39","660"
"a9c7F000000LDi0QAG","2019-08-28","a807F0000004EMaQAM","0.39","210","0.39","660"
"a9c7F000000LDzgQAG","2019-08-29","a807F0000004EMaQAM","0.39","210","0.39","660"
"a9c7F000000LEOMQA4","2019-08-30","a807F0000004EMaQAM","0.4","210","0.4","660"
"a9c7F000000LEY0QAO","2019-08-30","a807F0000004EMaQAM","5.61","650","5.61","640"
"a9c7F000000LEY1QAO","2019-08-30","a807F0000004EMaQAM","0.33","665","0.33","640"
"a9c7F000000LEY2QAO","2019-08-30","a807F0000004EMaQAM","0.0","670","0.0","640"
"a9c7F000000LEhhQAG","2019-08-31","a807F0000004EMaQAM","0.39","210","0.39","660"
"a9c7F000000LEwaQAG","2019-09-01","a807F0000004EMaQAM","0.39","210","0.39","660"
"a9c7F000000LF4tQAG","2019-09-02","a807F0000004EMaQAM","0.39","210","0.39","660"
"a9c7F000000LFNlQAO","2019-09-03","a807F0000004EMaQAM","0.4","210","0.4","660"
"a9c7F000000LFfUQAW","2019-09-04","a807F0000004EMaQAM","0.39","210","0.39","660"
"a9c7F000000LFygQAG","2019-09-05","a807F0000004EMaQAM","0.39","210","0.39","660"
"a9c7F000000LGCUQA4","2019-09-06","a807F0000004EMaQAM","0.39","210","0.39","660"
"a9c7F000000LGQvQAO","2019-09-06","a807F0000004EMaQAM","5.94","650","5.94","640"
"a9c7F000000LGQwQAO","2019-09-06","a807F0000004EMaQAM","0.0","665","0.0","640"
"a9c7F000000LGQxQAO","2019-09-06","a807F0000004EMaQAM","0.0","670","0.0","640"
"a9c7F000000LGb5QAG","2019-09-07","a807F0000004EMaQAM","0.39","210","0.39","660"
"a9c7F000000LGqEQAW","2019-09-08","a807F0000004EMaQAM","0.4","210","0.4","660"
"a9c7F000000LHB1QAO","2019-09-09","a807F0000004EMaQAM","0.39","210","0.39","660"
"a9c7F000000LHS4QAO","2019-09-10","a807F0000004EMaQAM","0.39","210","0.39","660"
"a9c7F000000LHTBQA4","2019-09-10","a807F0000004EMaQAM","12.18","660","12.18","665"
"a9c7F000000LHkVQAW","2019-09-11","a807F0000004EMaQAM","0.39","210","0.39","660"
"a9c7F000000LI2wQAG","2019-09-12","a807F0000004EMaQAM","0.39","210","0.39","660"
"a9c7F000000LIJqQAO","2019-09-13","a807F0000004EMaQAM","0.4","210","0.4","660"
"a9c7F000000LIalQAG","2019-09-13","a807F0000004EMaQAM","0.0","650","0.0","640"
"a9c7F000000LIamQAG","2019-09-13","a807F0000004EMaQAM","5.94","665","5.94","640"
"a9c7F000000LIanQAG","2019-09-13","a807F0000004EMaQAM","0.0","670","0.0","640"
"a9c7F000000LIlUQAW","2019-09-14","a807F0000004EMaQAM","0.39","210","0.39","660"
"a9c7F000000LJ8VQAW","2019-09-15","a807F0000004EMaQAM","0.39","210","0.39","660"
"a9c7F000000LJMYQA4","2019-09-16","a807F0000004EMaQAM","0.39","210","0.39","660"
"a9c7F000000LJbuQAG","2019-09-17","a807F0000004EMaQAM","0.4","210","0.4","660"
"a9c7F000000LK2wQAG","2019-09-18","a807F0000004EMaQAM","0.39","210","0.39","660"
"a9c7F000000LKJdQAO","2019-09-19","a807F0000004EMaQAM","0.39","210","0.39","660"
"a9c7F000000LKeqQAG","2019-09-20","a807F0000004EMaQAM","0.39","210","0.39","660"
"a9c7F000000LKxtQAG","2019-09-20","a807F0000004EMaQAM","0.0","650","0.0","640"
"a9c7F000000LKxuQAG","2019-09-20","a807F0000004EMaQAM","5.94","665","5.94","640"
"a9c7F000000LKxvQAG","2019-09-20","a807F0000004EMaQAM","0.0","670","0.0","640"
"a9c7F000000LLEcQAO","2019-09-21","a807F0000004EMaQAM","0.39","210","0.39","660"
"a9c7F000000LLQjQAO","2019-09-22","a807F0000004EMaQAM","0.4","210","0.4","660"
"a9c7F000000LLlYQAW","2019-09-23","a807F0000004EMaQAM","0.39","210","0.39","660"
"a9c7F000000LM6lQAG","2019-09-24","a807F0000004EMaQAM","0.39","210","0.39","660"
"a9c7F000000PCQ0QAO","2019-03-30","a807F0000004EMaQAM","0.47","210","0.47","660"
"a9c7F000000PCR6QAO","2019-03-31","a807F0000004EMaQAM","0.46","210","0.46","660"
"a9c7F000000PCRkQAO","2019-04-01","a807F0000004EMaQAM","0.47","210","0.47","660"
"a9c7F000000PCSqQAO","2019-04-02","a807F0000004EMaQAM","0.46","210","0.46","660"
"a9c7F000000PCUEQA4","2019-04-03","a807F0000004EMaQAM","0.47","210","0.47","660"
"a9c7F000000PCVqQAO","2019-04-04","a807F0000004EMaQAM","0.46","210","0.46","660"
"a9c7F000000PCX1QAO","2019-04-05","a807F0000004EMaQAM","0.47","210","0.47","660"
"a9c7F000000PCXeQAO","2019-04-05","a807F0000004EMaQAM","6.25","650","6.25","640"
"a9c7F000000PCXfQAO","2019-04-05","a807F0000004EMaQAM","0.0","665","0.0","640"
"a9c7F000000PCXgQAO","2019-04-05","a807F0000004EMaQAM","0.0","670","0.0","640"
"a9c7F000000PCYlQAO","2019-04-06","a807F0000004EMaQAM","0.46","210","0.46","660"
"a9c7F000000PCbLQAW","2019-04-07","a807F0000004EMaQAM","0.46","210","0.46","660"
"a9c7F000000PCcMQAW","2019-04-08","a807F0000004EMaQAM","0.47","210","0.47","660"
"a9c7F000000PCdmQAG","2019-04-09","a807F0000004EMaQAM","0.46","210","0.46","660"
"a9c7F000000PCfoQAG","2019-04-10","a807F0000004EMaQAM","0.46","210","0.46","660"
"a9c7F000000PCftQAG","2019-04-10","a807F0000004EMaQAM","14.41","660","14.41","665"
"a9c7F000000PCiwQAG","2019-04-11","a807F0000004EMaQAM","0.47","210","0.47","660"
"a9c7F000000PClMQAW","2019-04-12","a807F0000004EMaQAM","0.47","210","0.47","660"
"a9c7F000000PCmFQAW","2019-04-12","a807F0000004EMaQAM","0.0","650","0.0","640"
"a9c7F000000PCmGQAW","2019-04-12","a807F0000004EMaQAM","6.25","665","6.25","640"
"a9c7F000000PCmHQAW","2019-04-12","a807F0000004EMaQAM","0.0","670","0.0","640"
"a9c7F000000PCoYQAW","2019-04-13","a807F0000004EMaQAM","0.46","210","0.46","660"
"a9c7F000000PCpfQAG","2019-04-14","a807F0000004EMaQAM","0.46","210","0.46","660"
"a9c7F000000PCsHQAW","2019-04-15","a807F0000004EMaQAM","0.47","210","0.47","660"
"a9c7F000000PCuaQAG","2019-04-16","a807F0000004EMaQAM","0.46","210","0.46","660"
"a9c7F000000PCxLQAW","2019-04-17","a807F0000004EMaQAM","0.47","210","0.47","660"
"a9c7F000000PD0QQAW","2019-04-18","a807F0000004EMaQAM","0.46","210","0.46","660"
"a9c7F000000PD3UQAW","2019-04-19","a807F0000004EMaQAM","0.47","210","0.47","660"
"a9c7F000000PD5HQAW","2019-04-19","a807F0000004EMaQAM","0.0","650","0.0","640"
"a9c7F000000PD5IQAW","2019-04-19","a807F0000004EMaQAM","6.25","665","6.25","640"
"a9c7F000000PD5JQAW","2019-04-19","a807F0000004EMaQAM","0.0","670","0.0","640"
"a9c7F000000PD7rQAG","2019-04-20","a807F0000004EMaQAM","0.46","210","0.46","660"
"a9c7F000000PD9eQAG","2019-04-21","a807F0000004EMaQAM","0.47","210","0.47","660"
"a9c7F000000PDBgQAO","2019-04-22","a807F0000004EMaQAM","0.46","210","0.46","660"
"a9c7F000000PDDWQA4","2019-04-23","a807F0000004EMaQAM","0.46","210","0.46","660"
"a9c7F000000PDGPQA4","2019-04-24","a807F0000004EMaQAM","0.47","210","0.47","660"
"a9c7F000000PDKAQA4","2019-04-25","a807F0000004EMaQAM","0.46","210","0.46","660"
"a9c7F000000PDNsQAO","2019-04-26","a807F0000004EMaQAM","0.47","210","0.47","660"
"a9c7F000000PDOJQA4","2019-04-26","a807F0000004EMaQAM","4.34","650","4.34","640"
"a9c7F000000PDOKQA4","2019-04-26","a807F0000004EMaQAM","1.91","665","1.91","640"
"a9c7F000000PDOLQA4","2019-04-26","a807F0000004EMaQAM","0.0","670","0.0","640"
"a9c7F000000PDQeQAO","2019-04-27","a807F0000004EMaQAM","0.46","210","0.46","660"
"a9c7F000000PDTSQA4","2019-04-28","a807F0000004EMaQAM","0.46","210","0.46","660"
"a9c7F000000PDV4QAO","2019-04-29","a807F0000004EMaQAM","0.47","210","0.47","660"
"a9c7F000000PDXBQA4","2019-04-30","a807F0000004EMaQAM","0.46","210","0.46","660"
"a9c7F000000PDcHQAW","2019-05-01","a807F0000004EMaQAM","0.46","210","0.46","660"
"a9c7F000000PDghQAG","2019-05-02","a807F0000004EMaQAM","0.47","210","0.47","660"
"a9c7F000000PDkmQAG","2019-05-03","a807F0000004EMaQAM","0.46","210","0.46","660"
"a9c7F000000PDmbQAG","2019-05-03","a807F0000004EMaQAM","6.25","650","6.25","640"
"a9c7F000000PDmcQAG","2019-05-03","a807F0000004EMaQAM","0.0","665","0.0","640"
"a9c7F000000PDmdQAG","2019-05-03","a807F0000004EMaQAM","0.0","670","0.0","640"
"a9c7F000000PDpHQAW","2019-05-04","a807F0000004EMaQAM","0.46","210","0.46","660"
"a9c7F000000PDtlQAG","2019-05-05","a807F0000004EMaQAM","0.47","210","0.47","660"
"a9c7F000000PDw1QAG","2019-05-06","a807F0000004EMaQAM","0.46","210","0.46","660"
"a9c7F000000PDyuQAG","2019-05-07","a807F0000004EMaQAM","0.46","210","0.46","660"
"a9c7F000000PE3dQAG","2019-05-08","a807F0000004EMaQAM","0.46","210","0.46","660"
"a9c7F000000PE8VQAW","2019-05-09","a807F0000004EMaQAM","0.47","210","0.47","660"
"a9c7F000000PECYQA4","2019-05-10","a807F0000004EMaQAM","0.46","210","0.46","660"
"a9c7F000000PEDCQA4","2019-05-10","a807F0000004EMaQAM","13.92","660","13.92","665"
"a9c7F000000PEENQA4","2019-05-10","a807F0000004EMaQAM","0.0","650","0.0","640"
"a9c7F000000PEEOQA4","2019-05-10","a807F0000004EMaQAM","6.25","665","6.25","640"
"a9c7F000000PEEPQA4","2019-05-10","a807F0000004EMaQAM","0.0","670","0.0","640"
"a9c7F000000PEGFQA4","2019-05-11","a807F0000004EMaQAM","0.46","210","0.46","660"
"a9c7F000000PELdQAO","2019-05-12","a807F0000004EMaQAM","0.47","210","0.47","660"
"a9c7F000000PEOTQA4","2019-05-13","a807F0000004EMaQAM","0.46","210","0.46","660"
"a9c7F000000PESOQA4","2019-05-14","a807F0000004EMaQAM","0.46","210","0.46","660"
"a9c7F000000PEXjQAO","2019-05-15","a807F0000004EMaQAM","0.47","210","0.47","660"
"a9c7F000000PEaaQAG","2019-05-14","a807F0000004EMaQAM","4.0","640","4.0","650"
"a9c7F000000PEcrQAG","2019-05-16","a807F0000004EMaQAM","0.46","210","0.46","660"
"a9c7F000000PEiAQAW","2019-05-17","a807F0000004EMaQAM","0.47","210","0.47","660"
"a9c7F000000PEmEQAW","2019-05-17","a807F0000004EMaQAM","0.0","650","0.0","640"
"a9c7F000000PEmFQAW","2019-05-17","a807F0000004EMaQAM","6.25","665","6.25","640"
"a9c7F000000PEmGQAW","2019-05-17","a807F0000004EMaQAM","0.0","670","0.0","640"
"a9c7F000000PEpmQAG","2019-05-18","a807F0000004EMaQAM","0.46","210","0.46","660"
"a9c7F000000PEszQAG","2019-05-19","a807F0000004EMaQAM","0.46","210","0.46","660"
"a9c7F000000PEwIQAW","2019-05-20","a807F0000004EMaQAM","0.47","210","0.47","660"
"a9c7F000000PF0mQAG","2019-05-21","a807F0000004EMaQAM","0.46","210","0.46","660"
"a9c7F000000PF6EQAW","2019-05-22","a807F0000004EMaQAM","0.46","210","0.46","660"
"a9c7F000000PFD8QAO","2019-05-23","a807F0000004EMaQAM","0.47","210","0.47","660"
"a9c7F000000PFINQA4","2019-05-24","a807F0000004EMaQAM","0.46","210","0.46","660"
"a9c7F000000PFJvQAO","2019-05-24","a807F0000004EMaQAM","4.83","650","4.83","640"
"a9c7F000000PFJwQAO","2019-05-24","a807F0000004EMaQAM","1.42","665","1.42","640"
"a9c7F000000PFJxQAO","2019-05-24","a807F0000004EMaQAM","0.0","670","0.0","640"
"a9c7F000000PFPLQA4","2019-05-25","a807F0000004EMaQAM","0.46","210","0.46","660"
"a9c7F000000PFT7QAO","2019-05-26","a807F0000004EMaQAM","0.47","210","0.47","660"
"a9c7F000000PFXOQA4","2019-05-27","a807F0000004EMaQAM","0.46","210","0.46","660"
"a9c7F000000PFamQAG","2019-05-28","a807F0000004EMaQAM","0.46","210","0.46","660"
"a9c7F000000PFi8QAG","2019-05-29","a807F0000004EMaQAM","0.46","210","0.46","660"
"a9c7F000000PFkOQAW","2019-05-29","a807F0000004EMaQAM","5.0","650","5.0","640"
"a9c7F000000PFkPQAW","2019-05-29","a807F0000004EMaQAM","0.0","665","0.0","640"
"a9c7F000000PFkQQAW","2019-05-29","a807F0000004EMaQAM","0.0","670","0.0","640"
"a9c7F000000kB9YQAU","2018-07-26","a807F0000004EMaQAM","7.87","210","7.87","660"
"a9c7F000000kB9ZQAU","2018-07-27","a807F0000004EMaQAM","0.49","210","0.49","660"
"a9c7F000000kB9dQAE","2018-07-28","a807F0000004EMaQAM","0.49","210","0.49","660"
"a9c7F000000kB9iQAE","2018-07-29","a807F0000004EMaQAM","0.49","210","0.49","660"
"a9c7F000000kB9nQAE","2018-07-30","a807F0000004EMaQAM","0.5","210","0.5","660"
"a9c7F000000kB9sQAE","2018-07-31","a807F0000004EMaQAM","0.49","210","0.49","660"
"a9c7F000000kB9xQAE","2018-08-01","a807F0000004EMaQAM","0.49","210","0.49","660"
"a9c7F000000kBA2QAM","2018-08-02","a807F0000004EMaQAM","0.49","210","0.49","660"
"a9c7F000000kBA7QAM","2018-08-03","a807F0000004EMaQAM","0.49","210","0.49","660"
"a9c7F000000kBACQA2","2018-08-04","a807F0000004EMaQAM","0.49","210","0.49","660"
"a9c7F000000kBAHQA2","2018-08-05","a807F0000004EMaQAM","0.5","210","0.5","660"
"a9c7F000000kBAMQA2","2018-08-06","a807F0000004EMaQAM","0.49","210","0.49","660"
"a9c7F000000kBARQA2","2018-08-07","a807F0000004EMaQAM","0.49","210","0.49","660"
"a9c7F000000kBAWQA2","2018-08-08","a807F0000004EMaQAM","0.49","210","0.49","660"
"a9c7F000000kBAbQAM","2018-08-09","a807F0000004EMaQAM","0.49","210","0.49","660"
"a9c7F000000kBAgQAM","2018-08-10","a807F0000004EMaQAM","-14.75","210","-14.75","660"
"a9c7F000000kBAlQAM","2018-08-10","a807F0000004EMaQAM","15.2452054795","660","15.2452054795","665"
"a9c7F000000kBAqQAM","2018-08-11","a807F0000004EMaQAM","15.74","210","15.74","660"
"a9c7F000000kBAvQAM","2018-08-10","a807F0000004EMaQAM","10.04","650","10.04","640"
"a9c7F000000kBAwQAM","2018-08-10","a807F0000004EMaQAM","15.25","665","15.25","640"
"a9c7F000000kBAxQAM","2018-08-10","a807F0000004EMaQAM","0.0","670","0.0","640"
"a9c7F000000kBB0QAM","2018-08-12","a807F0000004EMaQAM","0.49","210","0.49","660"
"a9c7F000000kBB5QAM","2018-08-13","a807F0000004EMaQAM","0.49","210","0.49","660"
"a9c7F000000kBBAQA2","2018-08-14","a807F0000004EMaQAM","0.49","210","0.49","660"
"a9c7F000000kBBFQA2","2018-08-15","a807F0000004EMaQAM","0.49","210","0.49","660"
"a9c7F000000kBBKQA2","2018-08-16","a807F0000004EMaQAM","0.49","210","0.49","660"
"a9c7F000000kBBPQA2","2018-08-17","a807F0000004EMaQAM","0.5","210","0.5","660"
"a9c7F000000kBBQQA2","2018-08-17","a807F0000004EMaQAM","5.0","650","5.0","640"
"a9c7F000000kBBRQA2","2018-08-17","a807F0000004EMaQAM","0.0","665","0.0","640"
"a9c7F000000kBBSQA2","2018-08-17","a807F0000004EMaQAM","0.0","670","0.0","640"
"a9c7F000000kBBUQA2","2018-08-18","a807F0000004EMaQAM","0.49","210","0.49","660"
"a9c7F000000kBBZQA2","2018-08-19","a807F0000004EMaQAM","0.49","210","0.49","660"
"a9c7F000000kBBeQAM","2018-08-20","a807F0000004EMaQAM","0.49","210","0.49","660"
"a9c7F000000kBBjQAM","2018-08-21","a807F0000004EMaQAM","0.49","210","0.49","660"
"a9c7F000000kBBoQAM","2018-08-22","a807F0000004EMaQAM","0.49","210","0.49","660"
"a9c7F000000kBBtQAM","2018-08-23","a807F0000004EMaQAM","0.49","210","0.49","660"
"a9c7F000000kBByQAM","2018-08-24","a807F0000004EMaQAM","0.49","210","0.49","660"
"a9c7F000000kBC3QAM","2018-08-25","a807F0000004EMaQAM","0.49","210","0.49","660"
"a9c7F000000kBC8QAM","2018-08-26","a807F0000004EMaQAM","0.49","210","0.49","660"
"a9c7F000000kBCDQA2","2018-08-27","a807F0000004EMaQAM","0.49","210","0.49","660"
"a9c7F000000kBCIQA2","2018-08-28","a807F0000004EMaQAM","0.49","210","0.49","660"
"a9c7F000000kBCNQA2","2018-08-29","a807F0000004EMaQAM","0.49","210","0.49","660"
"a9c7F000000kBCSQA2","2018-08-17","a807F0000004EMaQAM","6.0","650","6.0","640"
"a9c7F000000kBCTQA2","2018-08-17","a807F0000004EMaQAM","0.0","665","0.0","640"
"a9c7F000000kBCUQA2","2018-08-17","a807F0000004EMaQAM","0.0","670","0.0","640"
"a9c7F000000kBCXQA2","2018-08-30","a807F0000004EMaQAM","0.49","210","0.49","660"
"a9c7F000000kBCcQAM","2018-08-31","a807F0000004EMaQAM","0.49","210","0.49","660"
"a9c7F000000kBChQAM","2018-08-30","a807F0000004EMaQAM","10.0","640","10.0","650"
"a9c7F000000kBCmQAM","2018-09-01","a807F0000004EMaQAM","0.49","210","0.49","660"
"a9c7F000000kBCrQAM","2018-09-02","a807F0000004EMaQAM","0.49","210","0.49","660"
"a9c7F000000kBCwQAM","2018-09-03","a807F0000004EMaQAM","0.49","210","0.49","660"
"a9c7F000000kBD1QAM","2018-09-04","a807F0000004EMaQAM","0.49","210","0.49","660"
"a9c7F000000kBD6QAM","2018-09-05","a807F0000004EMaQAM","0.49","210","0.49","660"
"a9c7F000000kBDBQA2","2018-09-06","a807F0000004EMaQAM","0.49","210","0.49","660"
"a9c7F000000kBDGQA2","2018-09-07","a807F0000004EMaQAM","0.49","210","0.49","660"
"a9c7F000000kBDLQA2","2018-09-08","a807F0000004EMaQAM","0.49","210","0.49","660"
"a9c7F000000kBDQQA2","2018-09-09","a807F0000004EMaQAM","0.49","210","0.49","660"
"a9c7F000000kBDVQA2","2018-09-10","a807F0000004EMaQAM","-14.71","210","-14.71","660"
"a9c7F000000kBDaQAM","2018-09-10","a807F0000004EMaQAM","15.2","660","15.2","665"
"a9c7F000000kBDfQAM","2018-09-11","a807F0000004EMaQAM","0.49","210","0.49","660"
"a9c7F000000kBDkQAM","2018-09-12","a807F0000004EMaQAM","0.49","210","0.49","660"
"a9c7F000000kBDpQAM","2018-09-13","a807F0000004EMaQAM","15.69","210","15.69","660"
"a9c7F000000kBDuQAM","2018-09-12","a807F0000004EMaQAM","9.07","650","9.07","640"
"a9c7F000000kBDvQAM","2018-09-12","a807F0000004EMaQAM","15.2","665","15.2","640"
"a9c7F000000kBDwQAM","2018-09-12","a807F0000004EMaQAM","0.0","670","0.0","640"
"a9c7F000000kBDzQAM","2018-09-14","a807F0000004EMaQAM","0.49","210","0.49","660"
"a9c7F000000kBE4QAM","2018-09-14","a807F0000004EMaQAM","6.32","650","6.32","640"
"a9c7F000000kBE5QAM","2018-09-14","a807F0000004EMaQAM","0.0","665","0.0","640"
"a9c7F000000kBE6QAM","2018-09-14","a807F0000004EMaQAM","0.0","670","0.0","640"
"a9c7F000000kBE7QAM","2018-09-12","a807F0000004EMaQAM","26.0","650","26.0","640"
"a9c7F000000kBE8QAM","2018-09-12","a807F0000004EMaQAM","0.0","665","0.0","640"
"a9c7F000000kBE9QAM","2018-09-12","a807F0000004EMaQAM","0.0","670","0.0","640"
"a9c7F000000kBEPQA2","2018-09-15","a807F0000004EMaQAM","0.48","210","0.48","660"
"a9c7F000000kBEZQA2","2018-09-16","a807F0000004EMaQAM","0.49","210","0.49","660"
"a9c7F000000kBEeQAM","2018-09-17","a807F0000004EMaQAM","0.49","210","0.49","660"
"a9c7F000000kBEjQAM","2018-09-18","a807F0000004EMaQAM","0.48","210","0.48","660"
"a9c7F000000kBEtQAM","2018-09-19","a807F0000004EMaQAM","0.49","210","0.49","660"
"a9c7F000000kBF3QAM","2018-09-20","a807F0000004EMaQAM","0.48","210","0.48","660"
"a9c7F000000kBF8QAM","2018-09-21","a807F0000004EMaQAM","0.49","210","0.49","660"
"a9c7F000000kBFDQA2","2018-09-21","a807F0000004EMaQAM","6.32","650","6.32","640"
"a9c7F000000kBFEQA2","2018-09-21","a807F0000004EMaQAM","0.0","665","0.0","640"
"a9c7F000000kBFFQA2","2018-09-21","a807F0000004EMaQAM","0.0","670","0.0","640"
"a9c7F000000kBFJQA2","2018-09-22","a807F0000004EMaQAM","0.49","210","0.49","660"
"a9c7F000000kBFOQA2","2018-09-23","a807F0000004EMaQAM","0.48","210","0.48","660"
"a9c7F000000kBFTQA2","2018-09-24","a807F0000004EMaQAM","0.49","210","0.49","660"
"a9c7F000000kBFYQA2","2018-09-25","a807F0000004EMaQAM","0.49","210","0.49","660"
"a9c7F000000kBFdQAM","2018-09-26","a807F0000004EMaQAM","0.48","210","0.48","660"
"a9c7F000000kBFlQAM","2018-09-26","a807F0000004EMaQAM","1.0","650","1.0","640"
"a9c7F000000kBFmQAM","2018-09-26","a807F0000004EMaQAM","0.0","665","0.0","640"
"a9c7F000000kBFnQAM","2018-09-26","a807F0000004EMaQAM","0.0","670","0.0","640"
"a9c7F000000kBFoQAM","2018-09-27","a807F0000004EMaQAM","0.49","210","0.49","660"
"a9c7F000000kBG8QAM","2018-09-28","a807F0000004EMaQAM","0.49","210","0.49","660"
"a9c7F000000kBGDQA2","2018-09-28","a807F0000004EMaQAM","6.32","650","6.32","640"
"a9c7F000000kBGEQA2","2018-09-28","a807F0000004EMaQAM","0.0","665","0.0","640"
"a9c7F000000kBGFQA2","2018-09-28","a807F0000004EMaQAM","0.0","670","0.0","640"
"a9c7F000000kBGOQA2","2018-09-29","a807F0000004EMaQAM","-2.93","210","-2.93","660"
"a9c7F000000kBGTQA2","2018-09-26","a807F0000004EMaQAM","1.0","650","1.0","640"
"a9c7F000000kBGUQA2","2018-09-26","a807F0000004EMaQAM","0.0","665","0.0","640"
"a9c7F000000kBGVQA2","2018-09-26","a807F0000004EMaQAM","0.0","670","0.0","640"
"a9c7F000000kBGWQA2","2018-09-28","a807F0000004EMaQAM","6.32","650","6.32","640"
"a9c7F000000kBGXQA2","2018-09-28","a807F0000004EMaQAM","0.0","665","0.0","640"
"a9c7F000000kBGYQA2","2018-09-28","a807F0000004EMaQAM","0.0","670","0.0","640"
"a9c7F000000kBGZQA2","2018-09-28","a807F0000004EMaQAM","6.32","640","6.32","650"
"a9c7F000000kBGaQAM","2018-09-28","a807F0000004EMaQAM","0.0","640","0.0","665"
"a9c7F000000kBGbQAM","2018-09-26","a807F0000004EMaQAM","1.0","640","1.0","650"
"a9c7F000000kBGcQAM","2018-09-26","a807F0000004EMaQAM","0.0","640","0.0","665"
"a9c7F000000kBGeQAM","2018-09-30","a807F0000004EMaQAM","0.49","210","0.49","660"
"a9c7F000000kBGjQAM","2018-10-01","a807F0000004EMaQAM","0.48","210","0.48","660"
"a9c7F000000kBGoQAM","2018-10-02","a807F0000004EMaQAM","0.49","210","0.49","660"
"a9c7F000000kBGtQAM","2018-10-03","a807F0000004EMaQAM","0.48","210","0.48","660"
"a9c7F000000kBH9QAM","2018-10-04","a807F0000004EMaQAM","0.49","210","0.49","660"
"a9c7F000000kBHEQA2","2018-10-05","a807F0000004EMaQAM","0.48","210","0.48","660"
"a9c7F000000kBHJQA2","2018-10-05","a807F0000004EMaQAM","6.32","650","6.32","640"
"a9c7F000000kBHKQA2","2018-10-05","a807F0000004EMaQAM","0.0","665","0.0","640"
"a9c7F000000kBHLQA2","2018-10-05","a807F0000004EMaQAM","0.0","670","0.0","640"
"a9c7F000000kBHPQA2","2018-10-06","a807F0000004EMaQAM","0.49","210","0.49","660"
"a9c7F000000kBHUQA2","2018-10-07","a807F0000004EMaQAM","0.48","210","0.48","660"
"a9c7F000000kBHZQA2","2018-10-08","a807F0000004EMaQAM","0.49","210","0.49","660"
"a9c7F000000kBHeQAM","2018-10-09","a807F0000004EMaQAM","0.48","210","0.48","660"
"a9c7F000000kBHoQAM","2018-10-10","a807F0000004EMaQAM","-10.69","210","-10.69","660"
"a9c7F000000kBHtQAM","2018-10-10","a807F0000004EMaQAM","11.18","660","11.18","665"
"a9c7F000000kBHyQAM","2018-10-11","a807F0000004EMaQAM","0.49","210","0.49","660"
"a9c7F000000kBIAQA2","2018-10-12","a807F0000004EMaQAM","0.49","210","0.49","660"
"a9c7F000000kBIDQA2","2018-10-12","a807F0000004EMaQAM","0.0","650","0.0","640"
"a9c7F000000kBIEQA2","2018-10-12","a807F0000004EMaQAM","6.32","665","6.32","640"
"a9c7F000000kBIFQA2","2018-10-12","a807F0000004EMaQAM","0.0","670","0.0","640"
"a9c7F000000kBIYQA2","2018-10-13","a807F0000004EMaQAM","6.8","210","6.8","660"
"a9c7F000000kBIiQAM","2018-10-14","a807F0000004EMaQAM","0.49","210","0.49","660"
"a9c7F000000kBIsQAM","2018-10-17","a807F0000004EMaQAM","0.48","210","0.48","660"
"a9c7F000000kBIwQAM","2018-10-16","a807F0000004EMaQAM","0.49","210","0.49","660"
"a9c7F000000kBJ0QAM","2018-10-15","a807F0000004EMaQAM","0.48","210","0.48","660"
"a9c7F000000kBJ4QAM","2018-10-18","a807F0000004EMaQAM","0.49","210","0.49","660"
"a9c7F000000kBJEQA2","2018-10-19","a807F0000004EMaQAM","0.48","210","0.48","660"
"a9c7F000000kBJIQA2","2018-10-20","a807F0000004EMaQAM","5.35","210","5.35","660"
"a9c7F000000kBJMQA2","2018-10-19","a807F0000004EMaQAM","1.46","650","1.46","640"
"a9c7F000000kBJNQA2","2018-10-19","a807F0000004EMaQAM","4.86","665","4.86","640"
"a9c7F000000kBJOQA2","2018-10-19","a807F0000004EMaQAM","0.0","670","0.0","640"
"a9c7F000000kBJSQA2","2018-10-21","a807F0000004EMaQAM","0.48","210","0.48","660"
"a9c7F000000kBJXQA2","2018-10-24","a807F0000004EMaQAM","0.48","210","0.48","660"
"a9c7F000000kBJbQAM","2018-10-23","a807F0000004EMaQAM","0.48","210","0.48","660"
"a9c7F000000kBJfQAM","2018-10-22","a807F0000004EMaQAM","0.49","210","0.49","660"
"a9c7F000000kBJjQAM","2018-10-26","a807F0000004EMaQAM","0.48","210","0.48","660"
"a9c7F000000kBJnQAM","2018-10-25","a807F0000004EMaQAM","0.49","210","0.49","660"
"a9c7F000000kBJxQAM","2018-10-26","a807F0000004EMaQAM","6.32","650","6.32","640"
"a9c7F000000kBJyQAM","2018-10-26","a807F0000004EMaQAM","0.0","665","0.0","640"
"a9c7F000000kBJzQAM","2018-10-26","a807F0000004EMaQAM","0.0","670","0.0","640"
"a9c7F000000kBK0QAM","2018-10-26","a807F0000004EMaQAM","5.0","650","5.0","640"
"a9c7F000000kBK1QAM","2018-10-26","a807F0000004EMaQAM","0.0","665","0.0","640"
"a9c7F000000kBK2QAM","2018-10-26","a807F0000004EMaQAM","0.0","670","0.0","640"
"a9c7F000000kBKEQA2","2018-10-27","a807F0000004EMaQAM","0.49","210","0.49","660"
"a9c7F000000kBKRQA2","2018-10-28","a807F0000004EMaQAM","0.48","210","0.48","660"
"a9c7F000000kBKTQA2","2018-10-30","a807F0000004EMaQAM","0.49","210","0.49","660"
"a9c7F000000kBKXQA2","2018-10-29","a807F0000004EMaQAM","0.48","210","0.48","660"
"a9c7F000000kBKbQAM","2018-10-31","a807F0000004EMaQAM","0.48","210","0.48","660"
"a9c7F000000kBKwQAM","2018-11-01","a807F0000004EMaQAM","0.48","210","0.48","660"
"a9c7F000000kBL1QAM","2018-11-02","a807F0000004EMaQAM","0.49","210","0.49","660"
"a9c7F000000kBL5QAM","2018-11-02","a807F0000004EMaQAM","6.32","650","6.32","640"
"a9c7F000000kBL6QAM","2018-11-02","a807F0000004EMaQAM","0.0","665","0.0","640"
"a9c7F000000kBL7QAM","2018-11-02","a807F0000004EMaQAM","0.0","670","0.0","640"
"a9c7F000000kBLHQA2","2018-11-03","a807F0000004EMaQAM","0.48","210","0.48","660"
"a9c7F000000kBLMQA2","2018-11-04","a807F0000004EMaQAM","0.48","210","0.48","660"
"a9c7F000000kBLRQA2","2018-11-06","a807F0000004EMaQAM","0.48","210","0.48","660"
"a9c7F000000kBLWQA2","2018-11-05","a807F0000004EMaQAM","0.49","210","0.49","660"
"a9c7F000000kBLbQAM","2018-11-07","a807F0000004EMaQAM","0.48","210","0.48","660"
"a9c7F000000kBLpQAM","2018-11-10","a807F0000004EMaQAM","-14.53","210","-14.53","660"
"a9c7F000000kBLuQAM","2018-11-08","a807F0000004EMaQAM","0.48","210","0.48","660"
"a9c7F000000kBLzQAM","2018-11-09","a807F0000004EMaQAM","0.49","210","0.49","660"
"a9c7F000000kBM3QAM","2018-11-10","a807F0000004EMaQAM","15.01","660","15.01","665"
"a9c7F000000kBMBQA2","2018-11-09","a807F0000004EMaQAM","6.32","650","6.32","640"
"a9c7F000000kBMCQA2","2018-11-09","a807F0000004EMaQAM","0.0","665","0.0","640"
"a9c7F000000kBMDQA2","2018-11-09","a807F0000004EMaQAM","0.0","670","0.0","640"
"a9c7F000000kBMIQA2","2018-11-12","a807F0000004EMaQAM","0.48","210","0.48","660"
"a9c7F000000kBMNQA2","2018-11-14","a807F0000004EMaQAM","0.48","210","0.48","660"
"a9c7F000000kBMVQA2","2018-11-11","a807F0000004EMaQAM","0.48","210","0.48","660"
"a9c7F000000kBMXQA2","2018-11-13","a807F0000004EMaQAM","0.49","210","0.49","660"
"a9c7F000000kBMmQAM","2018-11-15","a807F0000004EMaQAM","0.48","210","0.48","660"
"a9c7F000000kBMrQAM","2018-11-16","a807F0000004EMaQAM","0.49","210","0.49","660"
"a9c7F000000kBMvQAM","2018-11-16","a807F0000004EMaQAM","0.0","650","0.0","640"
"a9c7F000000kBMwQAM","2018-11-16","a807F0000004EMaQAM","6.32","665","6.32","640"
"a9c7F000000kBMxQAM","2018-11-16","a807F0000004EMaQAM","0.0","670","0.0","640"
"a9c7F000000kBN2QAM","2018-11-17","a807F0000004EMaQAM","6.8","210","6.8","660"
"a9c7F000000kBNCQA2","2018-11-18","a807F0000004EMaQAM","0.48","210","0.48","660"
"a9c7F000000kBNHQA2","2018-11-19","a807F0000004EMaQAM","0.49","210","0.49","660"
"a9c7F000000kBNMQA2","2018-11-20","a807F0000004EMaQAM","0.48","210","0.48","660"
"a9c7F000000kBNRQA2","2018-11-21","a807F0000004EMaQAM","0.48","210","0.48","660"
"a9c7F000000kBNaQAM","2018-11-19","a807F0000004EMaQAM","5.0","640","5.0","650"
"a9c7F000000kBNgQAM","2018-11-22","a807F0000004EMaQAM","0.49","210","0.49","660"
"a9c7F000000kBNqQAM","2018-11-23","a807F0000004EMaQAM","0.48","210","0.48","660"
"a9c7F000000kBNuQAM","2018-11-23","a807F0000004EMaQAM","0.0","650","0.0","640"
"a9c7F000000kBNvQAM","2018-11-23","a807F0000004EMaQAM","6.32","665","6.32","640"
"a9c7F000000kBNwQAM","2018-11-23","a807F0000004EMaQAM","0.0","670","0.0","640"
"a9c7F000000kBO6QAM","2018-11-24","a807F0000004EMaQAM","6.8","210","6.8","660"
"a9c7F000000kBOAQA2","2018-11-25","a807F0000004EMaQAM","0.49","210","0.49","660"
"a9c7F000000kBOGQA2","2018-11-26","a807F0000004EMaQAM","0.48","210","0.48","660"
"a9c7F000000kBubQAE","2018-11-28","a807F0000004EMaQAM","0.49","210","0.49","660"
"a9c7F000000kBugQAE","2018-12-01","a807F0000004EMaQAM","2.85","210","2.85","660"
"a9c7F000000kBulQAE","2018-11-29","a807F0000004EMaQAM","0.48","210","0.48","660"
"a9c7F000000kBurQAE","2018-11-30","a807F0000004EMaQAM","0.48","210","0.48","660"
"a9c7F000000kBuwQAE","2018-11-27","a807F0000004EMaQAM","0.48","210","0.48","660"
"a9c7F000000kBv7QAE","2018-11-30","a807F0000004EMaQAM","3.95","650","3.95","640"
"a9c7F000000kBv8QAE","2018-11-30","a807F0000004EMaQAM","2.37","665","2.37","640"
"a9c7F000000kBv9QAE","2018-11-30","a807F0000004EMaQAM","0.0","670","0.0","640"
"a9c7F000000kBvJQAU","2018-12-02","a807F0000004EMaQAM","0.49","210","0.49","660"
"a9c7F000000kBvOQAU","2018-12-03","a807F0000004EMaQAM","0.48","210","0.48","660"
"a9c7F000000kBvTQAU","2018-12-04","a807F0000004EMaQAM","0.48","210","0.48","660"
"a9c7F000000kBvYQAU","2018-12-05","a807F0000004EMaQAM","0.48","210","0.48","660"
"a9c7F000000kBviQAE","2018-12-06","a807F0000004EMaQAM","0.49","210","0.49","660"
"a9c7F000000kBvnQAE","2018-12-07","a807F0000004EMaQAM","0.48","210","0.48","660"
"a9c7F000000kBvuQAE","2018-12-07","a807F0000004EMaQAM","6.32","650","6.32","640"
"a9c7F000000kBvvQAE","2018-12-07","a807F0000004EMaQAM","0.0","665","0.0","640"
"a9c7F000000kBvwQAE","2018-12-07","a807F0000004EMaQAM","0.0","670","0.0","640"
"a9c7F000000kBw1QAE","2018-12-08","a807F0000004EMaQAM","0.48","210","0.48","660"
"a9c7F000000kBw6QAE","2018-12-09","a807F0000004EMaQAM","0.48","210","0.48","660"
"a9c7F000000kBwBQAU","2018-12-11","a807F0000004EMaQAM","0.48","210","0.48","660"
"a9c7F000000kBwGQAU","2018-12-10","a807F0000004EMaQAM","-14.0","210","-14.0","660"
"a9c7F000000kBwKQAU","2018-12-10","a807F0000004EMaQAM","14.48","660","14.48","665"
"a9c7F000000kBwQQAU","2018-12-12","a807F0000004EMaQAM","0.48","210","0.48","660"
"a9c7F000000kBwVQAU","2018-12-13","a807F0000004EMaQAM","0.49","210","0.49","660"
"a9c7F000000kBwhQAE","2018-12-13","a807F0000004EMaQAM","0.0","650","0.0","640"
"a9c7F000000kBwiQAE","2018-12-13","a807F0000004EMaQAM","5.0","665","5.0","640"
"a9c7F000000kBwjQAE","2018-12-13","a807F0000004EMaQAM","0.0","670","0.0","640"
"a9c7F000000kBx1QAE","2018-12-15","a807F0000004EMaQAM","6.8","210","6.8","660"
"a9c7F000000kBx6QAE","2018-12-14","a807F0000004EMaQAM","5.48","210","5.48","660"
"a9c7F000000kBxFQAU","2018-12-14","a807F0000004EMaQAM","0.0","650","0.0","640"
"a9c7F000000kBxGQAU","2018-12-14","a807F0000004EMaQAM","6.32","665","6.32","640"
"a9c7F000000kBxHQAU","2018-12-14","a807F0000004EMaQAM","0.0","670","0.0","640"
"a9c7F000000kBxSQAU","2018-12-16","a807F0000004EMaQAM","0.48","210","0.48","660"
"a9c7F000000kBxoQAE","2018-12-18","a807F0000004EMaQAM","0.48","210","0.48","660"
"a9c7F000000kBxuQAE","2018-12-17","a807F0000004EMaQAM","0.49","210","0.49","660"
"a9c7F000000kBy1QAE","2018-12-19","a807F0000004EMaQAM","0.48","210","0.48","660"
"a9c7F000000kByOQAU","2018-12-20","a807F0000004EMaQAM","0.48","210","0.48","660"
"a9c7F000000kByVQAU","2018-12-21","a807F0000004EMaQAM","0.48","210","0.48","660"
"a9c7F000000kByfQAE","2018-12-21","a807F0000004EMaQAM","3.16","650","3.16","640"
"a9c7F000000kBygQAE","2018-12-21","a807F0000004EMaQAM","3.16","665","3.16","640"
"a9c7F000000kByhQAE","2018-12-21","a807F0000004EMaQAM","0.0","670","0.0","640"
"a9c7F000000kByoQAE","2018-12-22","a807F0000004EMaQAM","3.64","210","3.64","660"
"a9c7F000000kByvQAE","2018-12-23","a807F0000004EMaQAM","0.49","210","0.49","660"
"a9c7F000000kBzMQAU","2018-12-24","a807F0000004EMaQAM","0.48","210","0.48","660"
"a9c7F000000kBzTQAU","2018-12-25","a807F0000004EMaQAM","0.48","210","0.48","660"
"a9c7F000000kBzaQAE","2018-12-26","a807F0000004EMaQAM","0.48","210","0.48","660"
"a9c7F000000kBzxQAE","2018-12-28","a807F0000004EMaQAM","0.48","210","0.48","660"
"a9c7F000000kC04QAE","2018-12-27","a807F0000004EMaQAM","0.48","210","0.48","660"
"a9c7F000000kC0DQAU","2018-12-28","a807F0000004EMaQAM","6.32","650","6.32","640"
"a9c7F000000kC0EQAU","2018-12-28","a807F0000004EMaQAM","0.0","665","0.0","640"
"a9c7F000000kC0FQAU","2018-12-28","a807F0000004EMaQAM","0.0","670","0.0","640"
"a9c7F000000kC0pQAE","2018-12-30","a807F0000004EMaQAM","0.48","210","0.48","660"
"a9c7F000000kC0yQAE","2018-12-29","a807F0000004EMaQAM","0.48","210","0.48","660"
"a9c7F000000kC1IQAU","2018-12-31","a807F0000004EMaQAM","0.48","210","0.48","660"
"a9c7F000000kC1hQAE","2019-01-01","a807F0000004EMaQAM","0.48","210","0.48","660"
"a9c7F000000kC2KQAU","2019-01-04","a807F0000004EMaQAM","0.48","210","0.48","660"
"a9c7F000000kC2UQAU","2019-01-02","a807F0000004EMaQAM","0.49","210","0.49","660"
"a9c7F000000kC2eQAE","2019-01-03","a807F0000004EMaQAM","0.48","210","0.48","660"
"a9c7F000000kC2rQAE","2019-01-04","a807F0000004EMaQAM","6.32","650","6.32","640"
"a9c7F000000kC2sQAE","2019-01-04","a807F0000004EMaQAM","0.0","665","0.0","640"
"a9c7F000000kC2tQAE","2019-01-04","a807F0000004EMaQAM","0.0","670","0.0","640"
"a9c7F000000kC3PQAU","2019-01-06","a807F0000004EMaQAM","0.48","210","0.48","660"
"a9c7F000000kC3bQAE","2019-01-07","a807F0000004EMaQAM","0.48","210","0.48","660"
"a9c7F000000kC3nQAE","2019-01-05","a807F0000004EMaQAM","0.48","210","0.48","660"
"a9c7F000000kC45QAE","2019-01-08","a807F0000004EMaQAM","0.48","210","0.48","660"
"a9c7F000000kC4NQAU","2019-01-10","a807F0000004EMaQAM","-14.44","210","-14.44","660"
"a9c7F000000kC4ZQAU","2019-01-09","a807F0000004EMaQAM","0.48","210","0.48","660"
"a9c7F000000kC4dQAE","2019-01-10","a807F0000004EMaQAM","14.92","660","14.92","665"
"a9c7F000000kC4vQAE","2019-01-09","a807F0000004EMaQAM","5.0","640","5.0","650"
"a9c7F000000kC5KQAU","2019-01-11","a807F0000004EMaQAM","0.48","210","0.48","660"
"a9c7F000000kC5XQAU","2019-01-11","a807F0000004EMaQAM","0.0","650","0.0","640"
"a9c7F000000kC5YQAU","2019-01-11","a807F0000004EMaQAM","6.32","665","6.32","640"
"a9c7F000000kC5ZQAU","2019-01-11","a807F0000004EMaQAM","0.0","670","0.0","640"
"a9c7F000000kC5aQAE","2019-01-10","a807F0000004EMaQAM","5.0","640","5.0","650"
"a9c7F000000kC69QAE","2019-01-12","a807F0000004EMaQAM","15.4","210","15.4","660"
"a9c7F000000kC6IQAU","2019-01-11","a807F0000004EMaQAM","1.4","650","1.4","640"
"a9c7F000000kC6JQAU","2019-01-11","a807F0000004EMaQAM","8.6","665","8.6","640"
"a9c7F000000kC6KQAU","2019-01-11","a807F0000004EMaQAM","0.0","670","0.0","640"
"a9c7F000000kC6mQAE","2019-01-14","a807F0000004EMaQAM","0.49","210","0.49","660"
"a9c7F000000kC70QAE","2019-01-16","a807F0000004EMaQAM","0.48","210","0.48","660"
"a9c7F000000kC78QAE","2019-01-15","a807F0000004EMaQAM","0.48","210","0.48","660"
"a9c7F000000kC7SQAU","2019-01-13","a807F0000004EMaQAM","0.48","210","0.48","660"
"a9c7F000000kC8KQAU","2019-01-21","a807F0000004EMaQAM","0.48","210","0.48","660"
"a9c7F000000kC8ZQAU","2019-01-22","a807F0000004EMaQAM","0.48","210","0.48","660"
"a9c7F000000kC8oQAE","2019-01-17","a807F0000004EMaQAM","0.48","210","0.48","660"
"a9c7F000000kC92QAE","2019-01-18","a807F0000004EMaQAM","0.48","210","0.48","660"
"a9c7F000000kC9GQAU","2019-01-19","a807F0000004EMaQAM","0.48","210","0.48","660"
"a9c7F000000kC9UQAU","2019-01-20","a807F0000004EMaQAM","0.48","210","0.48","660"
"a9c7F000000kCA4QAM","2019-01-18","a807F0000004EMaQAM","6.32","650","6.32","640"
"a9c7F000000kCA5QAM","2019-01-18","a807F0000004EMaQAM","0.0","665","0.0","640"
"a9c7F000000kCA6QAM","2019-01-18","a807F0000004EMaQAM","0.0","670","0.0","640"
"a9c7F000000kCAgQAM","2019-01-25","a807F0000004EMaQAM","0.48","210","0.48","660"
"a9c7F000000kCAwQAM","2019-01-23","a807F0000004EMaQAM","0.48","210","0.48","660"
"a9c7F000000kCBCQA2","2019-01-24","a807F0000004EMaQAM","0.48","210","0.48","660"
"a9c7F000000kCBTQA2","2019-01-26","a807F0000004EMaQAM","0.48","210","0.48","660"
"a9c7F000000kCBbQAM","2019-01-25","a807F0000004EMaQAM","6.32","650","6.32","640"
"a9c7F000000kCBcQAM","2019-01-25","a807F0000004EMaQAM","0.0","665","0.0","640"
"a9c7F000000kCBdQAM","2019-01-25","a807F0000004EMaQAM","0.0","670","0.0","640"
"a9c7F000000kCCsQAM","2019-01-28","a807F0000004EMaQAM","0.48","210","0.48","660"
"a9c7F000000kCD9QAM","2019-01-27","a807F0000004EMaQAM","0.48","210","0.48","660"
"a9c7F000000kCDVQA2","2019-01-29","a807F0000004EMaQAM","0.48","210","0.48","660"
"a9c7F000000kCDsQAM","2019-01-31","a807F0000004EMaQAM","0.48","210","0.48","660"
"a9c7F000000kCEHQA2","2019-02-01","a807F0000004EMaQAM","0.48","210","0.48","660"
"a9c7F000000kCEYQA2","2019-01-30","a807F0000004EMaQAM","0.48","210","0.48","660"
"a9c7F000000kCF8QAM","2019-02-01","a807F0000004EMaQAM","6.32","650","6.32","640"
"a9c7F000000kCF9QAM","2019-02-01","a807F0000004EMaQAM","0.0","665","0.0","640"
"a9c7F000000kCFAQA2","2019-02-01","a807F0000004EMaQAM","0.0","670","0.0","640"
"a9c7F000000kCFrQAM","2019-02-03","a807F0000004EMaQAM","0.48","210","0.48","660"
"a9c7F000000kCG9QAM","2019-02-06","a807F0000004EMaQAM","0.47","210","0.47","660"
"a9c7F000000kCGRQA2","2019-02-07","a807F0000004EMaQAM","0.48","210","0.48","660"
"a9c7F000000kCGjQAM","2019-02-08","a807F0000004EMaQAM","0.48","210","0.48","660"
"a9c7F000000kCH0QAM","2019-02-04","a807F0000004EMaQAM","0.48","210","0.48","660"
"a9c7F000000kCHHQA2","2019-02-05","a807F0000004EMaQAM","0.48","210","0.48","660"
"a9c7F000000kCHYQA2","2019-02-02","a807F0000004EMaQAM","0.48","210","0.48","660"
"a9c7F000000kCHzQAM","2019-02-08","a807F0000004EMaQAM","6.32","650","6.32","640"
"a9c7F000000kCI0QAM","2019-02-08","a807F0000004EMaQAM","0.0","665","0.0","640"
"a9c7F000000kCI1QAM","2019-02-08","a807F0000004EMaQAM","0.0","670","0.0","640"
"a9c7F000000kCIXQA2","2019-02-09","a807F0000004EMaQAM","0.48","210","0.48","660"
"a9c7F000000kCIuQAM","2019-02-10","a807F0000004EMaQAM","-14.4","210","-14.4","660"
"a9c7F000000kCIyQAM","2019-02-10","a807F0000004EMaQAM","14.88","660","14.88","665"
"a9c7F000000kCJRQA2","2019-02-11","a807F0000004EMaQAM","0.48","210","0.48","660"
"a9c7F000000kCJjQAM","2019-02-12","a807F0000004EMaQAM","0.48","210","0.48","660"
"a9c7F000000kCKcQAM","2019-02-13","a807F0000004EMaQAM","0.48","210","0.48","660"
"a9c7F000000kCKvQAM","2019-02-14","a807F0000004EMaQAM","0.48","210","0.48","660"
"a9c7F000000kCLGQA2","2019-02-15","a807F0000004EMaQAM","0.48","210","0.48","660"
"a9c7F000000kCLeQAM","2019-02-15","a807F0000004EMaQAM","0.0","650","0.0","640"
"a9c7F000000kCLfQAM","2019-02-15","a807F0000004EMaQAM","6.32","665","6.32","640"
"a9c7F000000kCLgQAM","2019-02-15","a807F0000004EMaQAM","0.0","670","0.0","640"
"a9c7F000000kCMGQA2","2019-02-16","a807F0000004EMaQAM","6.8","210","6.8","660"
"a9c7F000000kCMgQAM","2019-02-17","a807F0000004EMaQAM","0.48","210","0.48","660"
"a9c7F000000kCNaQAM","2019-02-18","a807F0000004EMaQAM","0.48","210","0.48","660"
"a9c7F000000kCNvQAM","2019-02-19","a807F0000004EMaQAM","0.48","210","0.48","660"
"a9c7F000000kCOGQA2","2019-02-20","a807F0000004EMaQAM","0.48","210","0.48","660"
"a9c7F000000kCOcQAM","2019-02-21","a807F0000004EMaQAM","0.48","210","0.48","660"
"a9c7F000000kCP0QAM","2019-02-22","a807F0000004EMaQAM","9.04","210","9.04","660"
"a9c7F000000kCQhQAM","2019-02-22","a807F0000004EMaQAM","0.0","650","0.0","640"
"a9c7F000000kCQiQAM","2019-02-22","a807F0000004EMaQAM","6.32","665","6.32","640"
"a9c7F000000kCQjQAM","2019-02-22","a807F0000004EMaQAM","0.0","670","0.0","640"
"a9c7F000000kCQoQAM","2019-02-19","a807F0000004EMaQAM","5.0","640","5.0","650"
"a9c7F000000kCRMQA2","2019-02-23","a807F0000004EMaQAM","0.48","210","0.48","660"
"a9c7F000000kCRYQA2","2019-02-22","a807F0000004EMaQAM","5.99","640","5.99","650"
"a9c7F000000kCRvQAM","2019-02-24","a807F0000004EMaQAM","0.48","210","0.48","660"
"a9c7F000000kCSJQA2","2019-02-25","a807F0000004EMaQAM","0.47","210","0.47","660"
